ID,filename,weekday,calendar_date,window_number,window,start_end_window,sleeponset,sleeponset_ts,wakeup,wakeup_ts,night_number,daysleeper,cleaningcode,guider,sleeplog_used,acc_available,nonwear_perc_day,nonwear_perc_spt,nonwear_perc_day_spt,dur_spt_sleep_min,dur_spt_wake_IN_min,dur_spt_wake_LIG_min,dur_spt_wake_MOD_min,dur_spt_wake_VIG_min,dur_day_IN_unbt_min,dur_day_LIG_unbt_min,dur_day_MOD_unbt_min,dur_day_VIG_unbt_min,dur_day_MVPA_bts_10_min,dur_day_MVPA_bts_5_10_min,dur_day_MVPA_bts_1_5_min,dur_day_IN_bts_30_min,dur_day_IN_bts_20_30_min,dur_day_IN_bts_10_20_min,dur_day_LIG_bts_10_min,dur_day_LIG_bts_5_10_min,dur_day_LIG_bts_1_5_min,dur_day_total_IN_min,dur_day_total_LIG_min,dur_day_total_MOD_min,dur_day_total_VIG_min,dur_day_min,dur_spt_min,dur_day_spt_min,N_atleast5minwakenight,sleep_efficiency_after_onset,tail_expansion_minutes,ACC_spt_sleep_mg,ACC_spt_wake_IN_mg,ACC_spt_wake_LIG_mg,ACC_spt_wake_MOD_mg,ACC_spt_wake_VIG_mg,ACC_day_IN_unbt_mg,ACC_day_LIG_unbt_mg,ACC_day_MOD_unbt_mg,ACC_day_VIG_unbt_mg,ACC_day_MVPA_bts_10_mg,ACC_day_MVPA_bts_5_10_mg,ACC_day_MVPA_bts_1_5_mg,ACC_day_IN_bts_30_mg,ACC_day_IN_bts_20_30_mg,ACC_day_IN_bts_10_20_mg,ACC_day_LIG_bts_10_mg,ACC_day_LIG_bts_5_10_mg,ACC_day_LIG_bts_1_5_mg,ACC_day_total_IN_mg,ACC_day_total_LIG_mg,ACC_day_total_MOD_mg,ACC_day_total_VIG_mg,ACC_day_mg,ACC_spt_mg,ACC_spt_mg_median,ACC_spt_mg_stdev,ACC_day_spt_mg,quantile_mostactive60min_mg,quantile_mostactive30min_mg,Nbouts_day_MVPA_bts_10,Nbouts_day_MVPA_bts_5_10,Nbouts_day_MVPA_bts_1_5,Nbouts_day_IN_bts_30,Nbouts_day_IN_bts_20_30,Nbouts_day_IN_bts_10_20,Nbouts_day_LIG_bts_10,Nbouts_day_LIG_bts_5_10,Nbouts_day_LIG_bts_1_5,Nblocks_spt_sleep,Nblocks_spt_wake_IN,Nblocks_spt_wake_LIG,Nblocks_spt_wake_MOD,Nblocks_spt_wake_VIG,Nblocks_day_IN_unbt,Nblocks_day_LIG_unbt,Nblocks_day_MOD_unbt,Nblocks_day_VIG_unbt,Nblocks_day_MVPA_bts_10,Nblocks_day_MVPA_bts_5_10,Nblocks_day_MVPA_bts_1_5,Nblocks_day_IN_bts_30,Nblocks_day_IN_bts_20_30,Nblocks_day_IN_bts_10_20,Nblocks_day_LIG_bts_10,Nblocks_day_LIG_bts_5_10,Nblocks_day_LIG_bts_1_5,Nblocks_day_total_IN,Nblocks_day_total_LIG,Nblocks_day_total_MOD,Nblocks_day_total_VIG,boutcriter.in,boutcriter.lig,boutcriter.mvpa,boutdur.in,boutdur.lig,boutdur.mvpa,GGIRversion,lastDate,daytype
1001.csv,1001.csv,Sunday,2026-02-22,1,segment27,15:35:00-17:59:55,,"",,"",1,0,2,HDCZA,0,1,0,,0,0,29.583,30.167,0.25,0,0,0,0,0,0,0,0,0,0,0,0,0,0,0,0,0,0,60,0,60,0,,0,,1.901,136.622,194.333,,,,,,,,,,,,,,,,,,,70.438,,,,70.438,0,69.003,0,0,0,0,0,0,0,0,0,0,30,34,3,0,0,0,0,0,0,0,0,0,0,0,0,0,0,0,0,0,0,0.9,0.8,0.8,30_20_10,10_5_1,10_5_1,3.3.4,2026-03-08,WE
1001.csv,1001.csv,Sunday,2026-02-22,1,segment28,18:00:00-23:59:55,,"",,"",1,0,2,HDCZA,0,1,50,,50,60.083,210.917,88.083,0.917,0,0,0,0,0,0,0,0,0,0,0,0,0,0,0,0,0,0,360,0,360,0,,0,0.02,1.047,133.829,197.445,,,,,,,,,,,,,,,,,,,33.864,,,,33.864,124.8,145.108,0,0,0,0,0,0,0,0,0,2,91,100,11,0,0,0,0,0,0,0,0,0,0,0,0,0,0,0,0,0,0,0.9,0.8,0.8,30_20_10,10_5_1,10_5_1,3.3.4,2026-03-08,WE
1001.csv,1001.csv,Tuesday,2026-02-24,3,segment18,13:25:00-14:44:55,20.95,20:57:00,31,07:00:00,3,0,2,HDCZA,0,1,25,,25,0,0,0,0,0,30.083,0,0.083,0,0,0,0,0,0,15.5,0,0,34.333,44.167,35.75,0.083,0,80,0,80,0,,0,,,,,,6.227,,191.9,,,,,,,22.074,,,124.332,8.267,124.002,191.9,,60.177,,,,60.177,0,95.175,0,0,0,0,0,1,0,0,34,0,0,0,0,0,32,0,1,0,0,0,0,0,0,1,0,0,34,35,36,1,0,0.9,0.8,0.8,30_20_10,10_5_1,10_5_1,3.3.4,2026-03-08,WD
1001.csv,1001.csv,Tuesday,2026-02-24,3,segment19,14:45:00-14:49:55,20.95,20:57:00,31,07:00:00,3,0,2,HDCZA,0,1,0,,0,0,0,0,0,0,2.167,0,0,0,0,0,0,0,0,0,0,0,2.833,2.167,2.75,0.083,0,5,0,5,0,,0,,,,,,3.388,,,,,,,,,,,,132.426,3.388,130.364,200.5,,76.51,,,,76.51,0,105.365,0,0,0,0,0,0,0,0,3,0,0,0,0,0,3,0,0,0,0,0,0,0,0,0,0,0,3,3,4,1,0,0.9,0.8,0.8,30_20_10,10_5_1,10_5_1,3.3.4,2026-03-08,WD
1001.csv,1001.csv,Tuesday,2026-02-24,3,segment20,14:50:00-14:59:55,20.95,20:57:00,31,07:00:00,3,0,2,HDCZA,0,1,0,,0,0,0,0,0,0,4.917,0,0,0,0,0,0,0,0,0,0,0,5.083,4.917,5,0.083,0,10,0,10,0,,0,,,,,,1.047,,,,,,,,,,,,130.695,1.047,129.607,196,,66.952,,,,66.952,0,65.261,0,0,0,0,0,0,0,0,5,0,0,0,0,0,6,0,0,0,0,0,0,0,0,0,0,0,5,6,6,1,0,0.9,0.8,0.8,30_20_10,10_5_1,10_5_1,3.3.4,2026-03-08,WD
1001.csv,1001.csv,Tuesday,2026-02-24,3,segment21,15:00:00-15:04:55,20.95,20:57:00,31,07:00:00,3,0,2,HDCZA,0,1,0,,0,0,0,0,0,0,2.75,0,0,0,0,0,0,0,0,0,0,0,2.25,2.75,2.25,0,0,5,0,5,0,,0,,,,,,0.948,,,,,,,,,,,,132.559,0.948,132.559,,,60.173,,,,60.173,0,0,0,0,0,0,0,0,0,0,3,0,0,0,0,0,3,0,0,0,0,0,0,0,0,0,0,0,3,3,3,0,0,0.9,0.8,0.8,30_20_10,10_5_1,10_5_1,3.3.4,2026-03-08,WD
1001.csv,1001.csv,Tuesday,2026-02-24,3,segment22,15:05:00-15:14:55,20.95,20:57:00,31,07:00:00,3,0,2,HDCZA,0,1,0,,0,0,0,0,0,0,4.917,0,0,0,0,0,0,0,0,0,0,0,5.083,4.917,5.083,0,0,10,0,10,0,,0,,,,,,1.341,,,,,,,,,,,,140.402,1.341,140.402,,,72.03,,,,72.03,0,81.015,0,0,0,0,0,0,0,0,6,0,0,0,0,0,5,0,0,0,0,0,0,0,0,0,0,0,6,5,6,0,0,0.9,0.8,0.8,30_20_10,10_5_1,10_5_1,3.3.4,2026-03-08,WD
1001.csv,1001.csv,Tuesday,2026-02-24,3,segment23,15:15:00-15:19:55,20.95,20:57:00,31,07:00:00,3,0,2,HDCZA,0,1,0,,0,0,0,0,0,0,2.5,0,0,0,0,0,0,0,0,0,0,0,2.5,2.5,2.5,0,0,5,0,5,0,,0,,,,,,5.38,,,,,,,,,,,,135.547,5.38,135.547,,,70.463,,,,70.463,0,73.043,0,0,0,0,0,0,0,0,3,0,0,0,0,0,3,0,0,0,0,0,0,0,0,0,0,0,3,3,3,0,0,0.9,0.8,0.8,30_20_10,10_5_1,10_5_1,3.3.4,2026-03-08,WD
1001.csv,1001.csv,Tuesday,2026-02-24,3,segment24,15:20:00-15:24:55,20.95,20:57:00,31,07:00:00,3,0,2,HDCZA,0,1,0,,0,0,0,0,0,0,2.583,0,0,0,0,0,0,0,0,0,0,0,2.417,2.583,2.417,0,0,5,0,5,0,,0,,,,,,0.752,,,,,,,,,,,,133.4,0.752,133.4,,,64.865,,,,64.865,0,12.337,0,0,0,0,0,0,0,0,3,0,0,0,0,0,3,0,0,0,0,0,0,0,0,0,0,0,3,3,3,0,0,0.9,0.8,0.8,30_20_10,10_5_1,10_5_1,3.3.4,2026-03-08,WD
1001.csv,1001.csv,Tuesday,2026-02-24,3,segment25,15:25:00-15:29:55,20.95,20:57:00,31,07:00:00,3,0,2,HDCZA,0,1,0,,0,0,0,0,0,0,2.417,0,0,0,0,0,0,0,0,0,0,0,2.583,2.417,2.583,0,0,5,0,5,0,,0,,,,,,1.766,,,,,,,,,,,,137.313,1.766,137.313,,,71.798,,,,71.798,0,88.548,0,0,0,0,0,0,0,0,3,0,0,0,0,0,3,0,0,0,0,0,0,0,0,0,0,0,3,3,3,0,0,0.9,0.8,0.8,30_20_10,10_5_1,10_5_1,3.3.4,2026-03-08,WD
1001.csv,1001.csv,Tuesday,2026-02-24,3,segment26,15:30:00-15:34:55,20.95,20:57:00,31,07:00:00,3,0,2,HDCZA,0,1,0,,0,0,0,0,0,0,2.5,0,0,0,0,0,0,0,0,0,0,0,2.5,2.5,2.5,0,0,5,0,5,0,,0,,,,,,0.573,,,,,,,,,,,,128.01,0.573,128.01,,,64.292,,,,64.292,0,41.026,0,0,0,0,0,0,0,0,3,0,0,0,0,0,3,0,0,0,0,0,0,0,0,0,0,0,3,3,3,0,0,0.9,0.8,0.8,30_20_10,10_5_1,10_5_1,3.3.4,2026-03-08,WD
1001.csv,1001.csv,Tuesday,2026-02-24,3,segment27,15:35:00-17:59:55,20.95,20:57:00,31,07:00:00,3,0,2,HDCZA,0,1,0,,0,0,0,0,0,0,71.75,0,0.25,0,0,0,0,0,0,0,0,0,73,71.75,72.75,0.5,0,145,0,145,0,,0,,,,,,1.69,,192.4,,,,,,,,,,134.067,1.69,133.848,194.983,,68.664,,,,68.664,110.841,141.121,0,0,0,0,0,0,0,0,74,0,0,0,0,0,73,0,3,0,0,0,0,0,0,0,0,0,74,73,77,6,0,0.9,0.8,0.8,30_20_10,10_5_1,10_5_1,3.3.4,2026-03-08,WD
1001.csv,1001.csv,Saturday,2026-02-28,7,segment12,12:00:00-12:04:55,20.95,20:57:00,36,12:00:00,7,0,2,HDCZA,0,1,0,,0,0,0,0,0,0,2,0,0,0,0,0,0,0,0,0,0,0,3,2,3,0,0,5,0,5,0,,0,,,,,,1.167,,,,,,,,,,,,131.747,1.167,131.747,,,79.515,,,,79.515,0,106.512,0,0,0,0,0,0,0,0,3,0,0,0,0,0,3,0,0,0,0,0,0,0,0,0,0,0,3,3,3,0,0,0.9,0.8,0.8,30_20_10,10_5_1,10_5_1,3.3.4,2026-03-08,WE
1001.csv,1001.csv,Saturday,2026-02-28,7,segment13,12:05:00-12:09:55,20.95,20:57:00,36,12:00:00,7,0,2,HDCZA,0,1,0,,0,0,0,0,0,0,2.833,0,0,0,0,0,0,0,0,0,0,0,2.167,2.833,2.167,0,0,5,0,5,0,,0,,,,,,1.224,,,,,,,,,,,,138.354,1.224,138.354,,,60.647,,,,60.647,0,0,0,0,0,0,0,0,0,0,3,0,0,0,0,0,3,0,0,0,0,0,0,0,0,0,0,0,3,3,3,0,0,0.9,0.8,0.8,30_20_10,10_5_1,10_5_1,3.3.4,2026-03-08,WE
1001.csv,1001.csv,Saturday,2026-02-28,7,segment14,12:10:00-12:14:55,20.95,20:57:00,36,12:00:00,7,0,2,HDCZA,0,1,0,,0,0,0,0,0,0,2.333,0,0,0,0,0,0,0,0,0,0,0,2.667,2.333,2.667,0,0,5,0,5,0,,0,,,,,,4.482,,,,,,,,,,,,134.537,4.482,134.537,,,73.845,,,,73.845,0,95.107,0,0,0,0,0,0,0,0,3,0,0,0,0,0,3,0,0,0,0,0,0,0,0,0,0,0,3,3,3,0,0,0.9,0.8,0.8,30_20_10,10_5_1,10_5_1,3.3.4,2026-03-08,WE
1001.csv,1001.csv,Saturday,2026-02-28,7,segment15,12:15:00-13:14:55,20.95,20:57:00,36,12:00:00,7,0,2,HDCZA,0,1,0,,0,0,0,0,0,0,30.333,0,0,0,0,0,0,0,0,0,0,0,29.667,30.333,29.417,0.25,0,60,0,60,0,,0,,,,,,2.155,,,,,,,,,,,,134.487,2.155,133.92,201.2,,67.586,,,,67.586,0,49.737,0,0,0,0,0,0,0,0,30,0,0,0,0,0,31,0,0,0,0,0,0,0,0,0,0,0,30,31,33,3,0,0.9,0.8,0.8,30_20_10,10_5_1,10_5_1,3.3.4,2026-03-08,WE
1001.csv,1001.csv,Saturday,2026-02-28,7,segment16,13:15:00-13:19:55,20.95,20:57:00,36,12:00:00,7,0,2,HDCZA,0,1,0,,0,0,0,0,0,0,2.25,0,0,0,0,0,0,0,0,0,0,0,2.75,2.25,2.75,0,0,5,0,5,0,,0,,,,,,0.904,,,,,,,,,,,,136.852,0.904,136.852,,,75.675,,,,75.675,0,108.818,0,0,0,0,0,0,0,0,3,0,0,0,0,0,3,0,0,0,0,0,0,0,0,0,0,0,3,3,3,0,0,0.9,0.8,0.8,30_20_10,10_5_1,10_5_1,3.3.4,2026-03-08,WE
1001.csv,1001.csv,Saturday,2026-02-28,7,segment17,13:20:00-13:24:55,20.95,20:57:00,36,12:00:00,7,0,2,HDCZA,0,1,0,,0,0,0,0,0,0,2.75,0,0,0,0,0,0,0,0,0,0,0,2.25,2.75,2.25,0,0,5,0,5,0,,0,,,,,,2.745,,,,,,,,,,,,127.563,2.745,127.563,,,58.913,,,,58.913,0,0,0,0,0,0,0,0,0,0,3,0,0,0,0,0,3,0,0,0,0,0,0,0,0,0,0,0,3,3,3,0,0,0.9,0.8,0.8,30_20_10,10_5_1,10_5_1,3.3.4,2026-03-08,WE
1001.csv,1001.csv,Saturday,2026-02-28,7,segment18,13:25:00-14:44:55,20.95,20:57:00,36,12:00:00,7,0,2,HDCZA,0,1,0,,0,0,0,0,0,0,39.417,0,0,0,0,0,0,0,0,0,0,0,40.583,39.417,39.917,0.667,0,80,0,80,0,,0,,,,,,1.73,,,,,,,,,,,,134.77,1.73,133.734,196.8,,69.22,,,,69.22,0,119.05,0,0,0,0,0,0,0,0,41,0,0,0,0,0,41,0,0,0,0,0,0,0,0,0,0,0,41,41,49,8,0,0.9,0.8,0.8,30_20_10,10_5_1,10_5_1,3.3.4,2026-03-08,WE
1001.csv,1001.csv,Saturday,2026-02-28,7,segment19,14:45:00-14:49:55,20.95,20:57:00,36,12:00:00,7,0,2,HDCZA,0,1,0,,0,0,0,0,0,0,2.5,0,0,0,0,0,0,0,0,0,0,0,2.5,2.5,2.5,0,0,5,0,5,0,,0,,,,,,1.39,,,,,,,,,,,,136.447,1.39,136.447,,,68.918,,,,68.918,0,69.497,0,0,0,0,0,0,0,0,3,0,0,0,0,0,3,0,0,0,0,0,0,0,0,0,0,0,3,3,3,0,0,0.9,0.8,0.8,30_20_10,10_5_1,10_5_1,3.3.4,2026-03-08,WE
1001.csv,1001.csv,Saturday,2026-02-28,7,segment20,14:50:00-14:59:55,20.95,20:57:00,36,12:00:00,7,0,2,HDCZA,0,1,0,,0,0,0,0,0,0,5,0,0,0,0,0,0,0,0,0,0,0,5,5,4.917,0.083,0,10,0,10,0,,0,,,,,,1.722,,,,,,,,,,,,135.73,1.722,134.744,193.9,,68.726,,,,68.726,0,51.906,0,0,0,0,0,0,0,0,5,0,0,0,0,0,6,0,0,0,0,0,0,0,0,0,0,0,5,6,6,1,0,0.9,0.8,0.8,30_20_10,10_5_1,10_5_1,3.3.4,2026-03-08,WE
1001.csv,1001.csv,Saturday,2026-02-28,7,segment21,15:00:00-15:04:55,20.95,20:57:00,36,12:00:00,7,0,2,HDCZA,0,1,0,,0,0,0,0,0,0,2.333,0,0,0,0,0,0,0,0,0,0,0,2.667,2.333,2.583,0.083,0,5,0,5,0,,0,,,,,,2.646,,,,,,,,,,,,128.734,2.646,126.584,195.4,,69.893,,,,69.893,0,89.183,0,0,0,0,0,0,0,0,3,0,0,0,0,0,3,0,0,0,0,0,0,0,0,0,0,0,3,3,4,1,0,0.9,0.8,0.8,30_20_10,10_5_1,10_5_1,3.3.4,2026-03-08,WE
1001.csv,1001.csv,Saturday,2026-02-28,7,segment22,15:05:00-15:14:55,20.95,20:57:00,36,12:00:00,7,0,2,HDCZA,0,1,0,,0,0,0,0,0,0,4.917,0,0,0,0,0,0,0,0,0,0,0,5.083,4.917,5.083,0,0,10,0,10,0,,0,,,,,,0.917,,,,,,,,,,,,134.823,0.917,134.823,,,68.986,,,,68.986,0,84.552,0,0,0,0,0,0,0,0,6,0,0,0,0,0,5,0,0,0,0,0,0,0,0,0,0,0,6,5,6,0,0,0.9,0.8,0.8,30_20_10,10_5_1,10_5_1,3.3.4,2026-03-08,WE
1001.csv,1001.csv,Saturday,2026-02-28,7,segment23,15:15:00-15:19:55,20.95,20:57:00,36,12:00:00,7,0,2,HDCZA,0,1,0,,0,0,0,0,0,0,2.75,0,0,0,0,0,0,0,0,0,0,0,2.25,2.75,2.167,0.083,0,5,0,5,0,,0,,,,,,0.603,,,,,,,,,,,,139.407,0.603,137.227,196.1,,63.065,,,,63.065,0,0,0,0,0,0,0,0,0,0,3,0,0,0,0,0,3,0,0,0,0,0,0,0,0,0,0,0,3,3,4,1,0,0.9,0.8,0.8,30_20_10,10_5_1,10_5_1,3.3.4,2026-03-08,WE
1001.csv,1001.csv,Saturday,2026-02-28,7,segment24,15:20:00-15:24:55,20.95,20:57:00,36,12:00:00,7,0,2,HDCZA,0,1,0,,0,0,0,0,0,0,2.167,0,0,0,0,0,0,0,0,0,0,0,2.833,2.167,2.833,0,0,5,0,5,0,,0,,,,,,2.292,,,,,,,,,,,,127.862,2.292,127.862,,,73.448,,,,73.448,0,97.447,0,0,0,0,0,0,0,0,3,0,0,0,0,0,3,0,0,0,0,0,0,0,0,0,0,0,3,3,3,0,0,0.9,0.8,0.8,30_20_10,10_5_1,10_5_1,3.3.4,2026-03-08,WE
1001.csv,1001.csv,Saturday,2026-02-28,7,segment25,15:25:00-15:29:55,20.95,20:57:00,36,12:00:00,7,0,2,HDCZA,0,1,0,,0,0,0,0,0,0,2.833,0,0,0,0,0,0,0,0,0,0,0,2.167,2.833,2.167,0,0,5,0,5,0,,0,,,,,,0.571,,,,,,,,,,,,132.473,0.571,132.473,,,57.728,,,,57.728,0,0,0,0,0,0,0,0,0,0,3,0,0,0,0,0,3,0,0,0,0,0,0,0,0,0,0,0,3,3,3,0,0,0.9,0.8,0.8,30_20_10,10_5_1,10_5_1,3.3.4,2026-03-08,WE
1001.csv,1001.csv,Saturday,2026-02-28,7,segment26,15:30:00-15:34:55,20.95,20:57:00,36,12:00:00,7,0,2,HDCZA,0,1,0,,0,0,0,0,0,0,2,0,0,0,0,0,0,0,0,0,0,0,3,2,3,0,0,5,0,5,0,,0,,,,,,0.875,,,,,,,,,,,,133.786,0.875,133.786,,,80.622,,,,80.622,0,119.859,0,0,0,0,0,0,0,0,3,0,0,0,0,0,3,0,0,0,0,0,0,0,0,0,0,0,3,3,3,0,0,0.9,0.8,0.8,30_20_10,10_5_1,10_5_1,3.3.4,2026-03-08,WE
1001.csv,1001.csv,Saturday,2026-02-28,7,segment27,15:35:00-17:59:55,20.95,20:57:00,36,12:00:00,7,0,2,HDCZA,0,1,0,,0,0,0,0,0,0,72.083,0,0.083,0,0,0,0,0,0,0,0,0,72.833,72.083,72.25,0.667,0,145,0,145,0,,0,,,,,,1.868,,201.4,,,,,,,,,,135.775,1.868,135.303,195.088,,69.244,,,,69.244,113.841,142.9,0,0,0,0,0,0,0,0,74,0,0,0,0,0,74,0,1,0,0,0,0,0,0,0,0,0,74,74,80,7,0,0.9,0.8,0.8,30_20_10,10_5_1,10_5_1,3.3.4,2026-03-08,WE
1001.csv,1001.csv,Monday,2026-03-02,9,segment15,12:15:00-13:14:55,20.95,20:57:00,31,07:00:00,9,0,2,HDCZA,0,1,50,,50,0,0,0,0,0,30.167,2.083,0,0,0,0,0,0,0,0,0,0,27.75,30.25,29.667,0.083,0,60,0,60,0,,0,,,,,,14.643,83.4,,,,,,,,,,,121.699,14.73,119.023,192.2,,66.544,,,,66.544,0,55.086,0,0,0,0,0,0,0,0,27,0,0,0,0,0,35,7,0,0,0,0,0,0,0,0,0,0,27,36,36,1,0,0.9,0.8,0.8,30_20_10,10_5_1,10_5_1,3.3.4,2026-03-08,WD
1001.csv,1001.csv,Monday,2026-03-02,9,segment16,13:15:00-13:19:55,20.95,20:57:00,31,07:00:00,9,0,2,HDCZA,0,1,0,,0,0,0,0,0,0,1.917,0,0,0,0,0,0,0,0,0,0,0,3.083,1.917,3.083,0,0,5,0,5,0,,0,,,,,,1.226,,,,,,,,,,,,130.635,1.226,130.635,,,81.028,,,,81.028,0,102.2,0,0,0,0,0,0,0,0,3,0,0,0,0,0,3,0,0,0,0,0,0,0,0,0,0,0,3,3,3,0,0,0.9,0.8,0.8,30_20_10,10_5_1,10_5_1,3.3.4,2026-03-08,WD
1001.csv,1001.csv,Monday,2026-03-02,9,segment17,13:20:00-13:24:55,20.95,20:57:00,31,07:00:00,9,0,2,HDCZA,0,1,0,,0,0,0,0,0,0,3,0,0,0,0,0,0,0,0,0,0,0,2,3,2,0,0,5,0,5,0,,0,,,,,,2.231,,,,,,,,,,,,132.571,2.231,132.571,,,54.367,,,,54.367,0,0,0,0,0,0,0,0,0,0,2,0,0,0,0,0,3,0,0,0,0,0,0,0,0,0,0,0,2,3,2,0,0,0.9,0.8,0.8,30_20_10,10_5_1,10_5_1,3.3.4,2026-03-08,WD
1001.csv,1001.csv,Monday,2026-03-02,9,segment18,13:25:00-14:44:55,20.95,20:57:00,31,07:00:00,9,0,2,HDCZA,0,1,0,,0,0,0,0,0,0,39.167,0,0,0,0,0,0,0,0,0,0,0,40.833,39.167,40.667,0.167,0,80,0,80,0,,0,,,,,,1.573,,,,,,,,,,,,134.117,1.573,133.867,195,,69.225,,,,69.225,0,119.05,0,0,0,0,0,0,0,0,41,0,0,0,0,0,40,0,0,0,0,0,0,0,0,0,0,0,41,40,43,2,0,0.9,0.8,0.8,30_20_10,10_5_1,10_5_1,3.3.4,2026-03-08,WD
1001.csv,1001.csv,Monday,2026-03-02,9,segment19,14:45:00-14:49:55,20.95,20:57:00,31,07:00:00,9,0,2,HDCZA,0,1,0,,0,0,0,0,0,0,2.667,0,0,0,0,0,0,0,0,0,0,0,2.333,2.667,2.333,0,0,5,0,5,0,,0,,,,,,1.731,,,,,,,,,,,,130.425,1.731,130.425,,,61.788,,,,61.788,0,9.53,0,0,0,0,0,0,0,0,3,0,0,0,0,0,3,0,0,0,0,0,0,0,0,0,0,0,3,3,3,0,0,0.9,0.8,0.8,30_20_10,10_5_1,10_5_1,3.3.4,2026-03-08,WD
1001.csv,1001.csv,Monday,2026-03-02,9,segment20,14:50:00-14:59:55,20.95,20:57:00,31,07:00:00,9,0,2,HDCZA,0,1,0,,0,0,0,0,0,0,5,0,0,0,0,0,0,0,0,0,0,0,5,5,5,0,0,10,0,10,0,,0,,,,,,1.762,,,,,,,,,,,,133.033,1.762,133.033,,,67.397,,,,67.397,0,58.176,0,0,0,0,0,0,0,0,5,0,0,0,0,0,6,0,0,0,0,0,0,0,0,0,0,0,5,6,5,0,0,0.9,0.8,0.8,30_20_10,10_5_1,10_5_1,3.3.4,2026-03-08,WD
1001.csv,1001.csv,Monday,2026-03-02,9,segment21,15:00:00-15:04:55,20.95,20:57:00,31,07:00:00,9,0,2,HDCZA,0,1,0,,0,0,0,0,0,0,2.167,0,0,0,0,0,0,0,0,0,0,0,2.833,2.167,2.75,0.083,0,5,0,5,0,,0,,,,,,0.896,,,,,,,,,,,,134.935,0.896,133.176,193,,76.852,,,,76.852,0,104.271,0,0,0,0,0,0,0,0,3,0,0,0,0,0,3,0,0,0,0,0,0,0,0,0,0,0,3,3,4,1,0,0.9,0.8,0.8,30_20_10,10_5_1,10_5_1,3.3.4,2026-03-08,WD
1001.csv,1001.csv,Monday,2026-03-02,9,segment22,15:05:00-15:14:55,20.95,20:57:00,31,07:00:00,9,0,2,HDCZA,0,1,0,,0,0,0,0,0,0,4.917,0,0,0,0,0,0,0,0,0,0,0,5.083,4.917,4.917,0.167,0,10,0,10,0,,0,,,,,,1.507,,,,,,,,,,,,136.308,1.507,134.231,197.6,,70.031,,,,70.031,0,73.417,0,0,0,0,0,0,0,0,6,0,0,0,0,0,5,0,0,0,0,0,0,0,0,0,0,0,6,5,8,2,0,0.9,0.8,0.8,30_20_10,10_5_1,10_5_1,3.3.4,2026-03-08,WD
1001.csv,1001.csv,Monday,2026-03-02,9,segment23,15:15:00-15:19:55,20.95,20:57:00,31,07:00:00,9,0,2,HDCZA,0,1,0,,0,0,0,0,0,0,2.833,0,0,0,0,0,0,0,0,0,0,0,2.167,2.833,2.167,0,0,5,0,5,0,,0,,,,,,1.112,,,,,,,,,,,,124.558,1.112,124.558,,,54.605,,,,54.605,0,0,0,0,0,0,0,0,0,0,3,0,0,0,0,0,3,0,0,0,0,0,0,0,0,0,0,0,3,3,3,0,0,0.9,0.8,0.8,30_20_10,10_5_1,10_5_1,3.3.4,2026-03-08,WD
1001.csv,1001.csv,Monday,2026-03-02,9,segment24,15:20:00-15:24:55,20.95,20:57:00,31,07:00:00,9,0,2,HDCZA,0,1,0,,0,0,0,0,0,0,2,0,0,0,0,0,0,0,0,0,0,0,3,2,2.917,0.083,0,5,0,5,0,,0,,,,,,0.537,,,,,,,,,,,,135.597,0.537,133.617,204.9,,81.573,,,,81.573,0,112.03,0,0,0,0,0,0,0,0,3,0,0,0,0,0,2,0,0,0,0,0,0,0,0,0,0,0,3,2,4,1,0,0.9,0.8,0.8,30_20_10,10_5_1,10_5_1,3.3.4,2026-03-08,WD
1001.csv,1001.csv,Monday,2026-03-02,9,segment25,15:25:00-15:29:55,20.95,20:57:00,31,07:00:00,9,0,2,HDCZA,0,1,0,,0,0,0,0,0,0,2.917,0,0,0,0,0,0,0,0,0,0,0,2.083,2.917,2.083,0,0,5,0,5,0,,0,,,,,,2.454,,,,,,,,,,,,136.4,2.454,136.4,,,58.265,,,,58.265,0,0,0,0,0,0,0,0,0,0,3,0,0,0,0,0,3,0,0,0,0,0,0,0,0,0,0,0,3,3,3,0,0,0.9,0.8,0.8,30_20_10,10_5_1,10_5_1,3.3.4,2026-03-08,WD
1001.csv,1001.csv,Monday,2026-03-02,9,segment26,15:30:00-15:34:55,20.95,20:57:00,31,07:00:00,9,0,2,HDCZA,0,1,0,,0,0,0,0,0,0,2.083,0,0,0,0,0,0,0,0,0,0,0,2.917,2.083,2.917,0,0,5,0,5,0,,0,,,,,,1.74,,,,,,,,,,,,133.02,1.74,133.02,,,78.32,,,,78.32,0,100.624,0,0,0,0,0,0,0,0,3,0,0,0,0,0,3,0,0,0,0,0,0,0,0,0,0,0,3,3,3,0,0,0.9,0.8,0.8,30_20_10,10_5_1,10_5_1,3.3.4,2026-03-08,WD
1001.csv,1001.csv,Monday,2026-03-02,9,segment27,15:35:00-17:59:55,20.95,20:57:00,31,07:00:00,9,0,2,HDCZA,0,1,0,,0,0,0,0,0,0,72.417,0.667,0.25,0,0,0,0,0,0,0,0,0,71.667,72.417,71.917,0.667,0,145,0,145,0,,0,,,,,,2.024,128.45,199.7,,,,,,,,,,135.766,2.024,135.336,198.775,,69.048,,,,69.048,111.9,142.121,0,0,0,0,0,0,0,0,72,0,0,0,0,0,74,3,2,0,0,0,0,0,0,0,0,0,72,74,80,7,0,0.9,0.8,0.8,30_20_10,10_5_1,10_5_1,3.3.4,2026-03-08,WD
1001.csv,1001.csv,Wednesday,2026-03-04,11,segment15,12:15:00-13:14:55,20.95,20:57:00,31,07:00:00,11,0,2,HDCZA,0,1,0,,0,0,0,0,0,0,33.083,0,0,0,0,0,0,0,0,0,0,0,26.917,33.083,26.833,0.083,0,60,0,60,0,,0,,,,,,4.361,,,,,,,,,,,,134.228,4.361,134.048,192.5,,62.621,,,,62.621,0,28.459,0,0,0,0,0,0,0,0,28,0,0,0,0,0,28,0,0,0,0,0,0,0,0,0,0,0,28,28,29,1,0,0.9,0.8,0.8,30_20_10,10_5_1,10_5_1,3.3.4,2026-03-08,WD
1001.csv,1001.csv,Wednesday,2026-03-04,11,segment16,13:15:00-13:19:55,20.95,20:57:00,31,07:00:00,11,0,2,HDCZA,0,1,0,,0,0,0,0,0,0,2.167,0,0,0,0,0,0,0,0,0,0,0,2.833,2.167,2.833,0,0,5,0,5,0,,0,,,,,,1.335,,,,,,,,,,,,129.662,1.335,129.662,,,74.053,,,,74.053,0,98.418,0,0,0,0,0,0,0,0,3,0,0,0,0,0,3,0,0,0,0,0,0,0,0,0,0,0,3,3,3,0,0,0.9,0.8,0.8,30_20_10,10_5_1,10_5_1,3.3.4,2026-03-08,WD
1001.csv,1001.csv,Wednesday,2026-03-04,11,segment17,13:20:00-13:24:55,20.95,20:57:00,31,07:00:00,11,0,2,HDCZA,0,1,0,,0,0,0,0,0,0,2.667,0,0,0,0,0,0,0,0,0,0,0,2.333,2.667,2.333,0,0,5,0,5,0,,0,,,,,,0.925,,,,,,,,,,,,134.525,0.925,134.525,,,63.272,,,,63.272,0,0,0,0,0,0,0,0,0,0,3,0,0,0,0,0,3,0,0,0,0,0,0,0,0,0,0,0,3,3,3,0,0,0.9,0.8,0.8,30_20_10,10_5_1,10_5_1,3.3.4,2026-03-08,WD
1001.csv,1001.csv,Wednesday,2026-03-04,11,segment18,13:25:00-14:44:55,20.95,20:57:00,31,07:00:00,11,0,2,HDCZA,0,1,0,,0,0,0,0,0,0,39.583,0,0,0,0,0,0,0,0,0,0,0,40.417,39.583,40.25,0.167,0,80,0,80,0,,0,,,,,,1.943,,,,,,,,,,,,135.495,1.943,135.255,193.4,,69.415,,,,69.415,0,120.362,0,0,0,0,0,0,0,0,41,0,0,0,0,0,40,0,0,0,0,0,0,0,0,0,0,0,41,40,43,2,0,0.9,0.8,0.8,30_20_10,10_5_1,10_5_1,3.3.4,2026-03-08,WD
1001.csv,1001.csv,Wednesday,2026-03-04,11,segment19,14:45:00-14:49:55,20.95,20:57:00,31,07:00:00,11,0,2,HDCZA,0,1,0,,0,0,0,0,0,0,2.917,0,0,0,0,0,0,0,0,0,0,0,2.083,2.917,2.083,0,0,5,0,5,0,,0,,,,,,0.986,,,,,,,,,,,,133.076,0.986,133.076,,,56.023,,,,56.023,0,0,0,0,0,0,0,0,0,0,3,0,0,0,0,0,3,0,0,0,0,0,0,0,0,0,0,0,3,3,3,0,0,0.9,0.8,0.8,30_20_10,10_5_1,10_5_1,3.3.4,2026-03-08,WD
1001.csv,1001.csv,Wednesday,2026-03-04,11,segment20,14:50:00-14:59:55,20.95,20:57:00,31,07:00:00,11,0,2,HDCZA,0,1,0,,0,0,0,0,0,0,5.083,0,0,0,0,0,0,0,0,0,0,0,4.917,5.083,4.917,0,0,10,0,10,0,,0,,,,,,3.013,,,,,,,,,,,,138.463,3.013,138.463,,,69.609,,,,69.609,0,51.965,0,0,0,0,0,0,0,0,5,0,0,0,0,0,6,0,0,0,0,0,0,0,0,0,0,0,5,6,5,0,0,0.9,0.8,0.8,30_20_10,10_5_1,10_5_1,3.3.4,2026-03-08,WD
1001.csv,1001.csv,Wednesday,2026-03-04,11,segment21,15:00:00-15:04:55,20.95,20:57:00,31,07:00:00,11,0,2,HDCZA,0,1,0,,0,0,0,0,0,0,2,0,0,0,0,0,0,0,0,0,0,0,3,2,3,0,0,5,0,5,0,,0,,,,,,2.775,,,,,,,,,,,,125.458,2.775,125.458,,,76.385,,,,76.385,0,102.494,0,0,0,0,0,0,0,0,3,0,0,0,0,0,3,0,0,0,0,0,0,0,0,0,0,0,3,3,3,0,0,0.9,0.8,0.8,30_20_10,10_5_1,10_5_1,3.3.4,2026-03-08,WD
1001.csv,1001.csv,Wednesday,2026-03-04,11,segment22,15:05:00-15:14:55,20.95,20:57:00,31,07:00:00,11,0,2,HDCZA,0,1,0,,0,0,0,0,0,0,5.083,0,0,0,0,0,0,0,0,0,0,0,4.917,5.083,4.917,0,0,10,0,10,0,,0,,,,,,2.431,,,,,,,,,,,,136.329,2.431,136.329,,,68.264,,,,68.264,0,45.568,0,0,0,0,0,0,0,0,5,0,0,0,0,0,6,0,0,0,0,0,0,0,0,0,0,0,5,6,5,0,0,0.9,0.8,0.8,30_20_10,10_5_1,10_5_1,3.3.4,2026-03-08,WD
1001.csv,1001.csv,Wednesday,2026-03-04,11,segment23,15:15:00-15:19:55,20.95,20:57:00,31,07:00:00,11,0,2,HDCZA,0,1,0,,0,0,0,0,0,0,2.833,0,0,0,0,0,0,0,0,0,0,0,2.167,2.833,2.167,0,0,5,0,5,0,,0,,,,,,1.297,,,,,,,,,,,,132.704,1.297,132.704,,,58.24,,,,58.24,0,0,0,0,0,0,0,0,0,0,3,0,0,0,0,0,3,0,0,0,0,0,0,0,0,0,0,0,3,3,3,0,0,0.9,0.8,0.8,30_20_10,10_5_1,10_5_1,3.3.4,2026-03-08,WD
1001.csv,1001.csv,Wednesday,2026-03-04,11,segment24,15:20:00-15:24:55,20.95,20:57:00,31,07:00:00,11,0,2,HDCZA,0,1,0,,0,0,0,0,0,0,2.167,0,0,0,0,0,0,0,0,0,0,0,2.833,2.167,2.833,0,0,5,0,5,0,,0,,,,,,3.2,,,,,,,,,,,,134.971,3.2,134.971,,,77.87,,,,77.87,0,106.971,0,0,0,0,0,0,0,0,3,0,0,0,0,0,3,0,0,0,0,0,0,0,0,0,0,0,3,3,3,0,0,0.9,0.8,0.8,30_20_10,10_5_1,10_5_1,3.3.4,2026-03-08,WD
1001.csv,1001.csv,Wednesday,2026-03-04,11,segment25,15:25:00-15:29:55,20.95,20:57:00,31,07:00:00,11,0,2,HDCZA,0,1,0,,0,0,0,0,0,0,2.75,0,0,0,0,0,0,0,0,0,0,0,2.25,2.75,2.25,0,0,5,0,5,0,,0,,,,,,0.621,,,,,,,,,,,,141.822,0.621,141.822,,,64.162,,,,64.162,0,0,0,0,0,0,0,0,0,0,3,0,0,0,0,0,3,0,0,0,0,0,0,0,0,0,0,0,3,3,3,0,0,0.9,0.8,0.8,30_20_10,10_5_1,10_5_1,3.3.4,2026-03-08,WD
1001.csv,1001.csv,Wednesday,2026-03-04,11,segment26,15:30:00-15:34:55,20.95,20:57:00,31,07:00:00,11,0,2,HDCZA,0,1,0,,0,0,0,0,0,0,2.25,0,0,0,0,0,0,0,0,0,0,0,2.75,2.25,2.75,0,0,5,0,5,0,,0,,,,,,2.244,,,,,,,,,,,,133.224,2.244,133.224,,,74.283,,,,74.283,0,93.924,0,0,0,0,0,0,0,0,3,0,0,0,0,0,3,0,0,0,0,0,0,0,0,0,0,0,3,3,3,0,0,0.9,0.8,0.8,30_20_10,10_5_1,10_5_1,3.3.4,2026-03-08,WD
1001.csv,1001.csv,Wednesday,2026-03-04,11,segment27,15:35:00-17:59:55,20.95,20:57:00,31,07:00:00,11,0,2,HDCZA,0,1,0,,0,0,0,0,0,0,72.5,0,0,0,0,0,0,0,0,0,0,0,72.5,72.5,71.833,0.667,0,145,0,145,0,,0,,,,,,2.02,,,,,,,,,,,,133.783,2.02,133.198,196.725,,67.901,,,,67.901,110.8,140.241,0,0,0,0,0,0,0,0,73,0,0,0,0,0,74,0,0,0,0,0,0,0,0,0,0,0,73,74,81,8,0,0.9,0.8,0.8,30_20_10,10_5_1,10_5_1,3.3.4,2026-03-08,WD
1001.csv,1001.csv,Friday,2026-03-06,13,segment10,10:30:00-10:34:55,20.95,20:57:00,29.549,05:32:55,13,0,2,HDCZA,0,1,0,,0,0,0,0,0,0,2.167,0,0,0,0,0,0,0,0,0,0,0,2.833,2.167,2.833,0,0,5,0,5,0,,0,,,,,,6.135,,,,,,,,,,,,101.229,6.135,101.229,,,60.022,,,,60.022,0,79.277,0,0,0,0,0,0,0,0,3,0,0,0,0,0,3,0,0,0,0,0,0,0,0,0,0,0,3,3,3,0,0,0.9,0.8,0.8,30_20_10,10_5_1,10_5_1,3.3.4,2026-03-08,WD
1001.csv,1001.csv,Friday,2026-03-06,13,segment11,10:35:00-11:59:55,20.95,20:57:00,29.549,05:32:55,13,0,2,HDCZA,0,1,0,,0,0,0,0,0,0,43.167,0,0,0,0,0,0,0,0,0,0,0,41.833,43.167,41.667,0.167,0,85,0,85,0,,0,,,,,,2.245,,,,,,,,,,,,108.299,2.245,107.951,195.25,,54.44,,,,54.44,0,93.835,0,0,0,0,0,0,0,0,43,0,0,0,0,0,43,0,0,0,0,0,0,0,0,0,0,0,43,43,45,2,0,0.9,0.8,0.8,30_20_10,10_5_1,10_5_1,3.3.4,2026-03-08,WD
1001.csv,1001.csv,Friday,2026-03-06,13,segment12,12:00:00-12:04:55,20.95,20:57:00,29.549,05:32:55,13,0,2,HDCZA,0,1,0,,0,0,0,0,0,0,2.667,0,0,0,0,0,0,0,0,0,0,0,2.333,2.667,2.333,0,0,5,0,5,0,,0,,,,,,0.525,,,,,,,,,,,,127.618,0.525,127.618,,,59.835,,,,59.835,0,0,0,0,0,0,0,0,0,0,3,0,0,0,0,0,3,0,0,0,0,0,0,0,0,0,0,0,3,3,3,0,0,0.9,0.8,0.8,30_20_10,10_5_1,10_5_1,3.3.4,2026-03-08,WD
1001.csv,1001.csv,Friday,2026-03-06,13,segment13,12:05:00-12:09:55,20.95,20:57:00,29.549,05:32:55,13,0,2,HDCZA,0,1,0,,0,0,0,0,0,0,2.25,0,0,0,0,0,0,0,0,0,0,0,2.75,2.25,2.75,0,0,5,0,5,0,,0,,,,,,1.6,,,,,,,,,,,,132.421,1.6,132.421,,,73.552,,,,73.552,0,105.459,0,0,0,0,0,0,0,0,3,0,0,0,0,0,3,0,0,0,0,0,0,0,0,0,0,0,3,3,3,0,0,0.9,0.8,0.8,30_20_10,10_5_1,10_5_1,3.3.4,2026-03-08,WD
1001.csv,1001.csv,Friday,2026-03-06,13,segment14,12:10:00-12:14:55,20.95,20:57:00,29.549,05:32:55,13,0,2,HDCZA,0,1,0,,0,0,0,0,0,0,2.75,0,0,0,0,0,0,0,0,0,0,0,2.25,2.75,2.25,0,0,5,0,5,0,,0,,,,,,0.364,,,,,,,,,,,,134.604,0.364,134.604,,,60.772,,,,60.772,0,0,0,0,0,0,0,0,0,0,3,0,0,0,0,0,3,0,0,0,0,0,0,0,0,0,0,0,3,3,3,0,0,0.9,0.8,0.8,30_20_10,10_5_1,10_5_1,3.3.4,2026-03-08,WD
1001.csv,1001.csv,Friday,2026-03-06,13,segment15,12:15:00-13:14:55,20.95,20:57:00,29.549,05:32:55,13,0,2,HDCZA,0,1,0,,0,0,0,0,0,0,29.583,0,0,0,0,0,0,0,0,0,0,0,30.417,29.583,30.083,0.333,0,60,0,60,0,,0,,,,,,1.512,,,,,,,,,,,,134.253,1.512,133.555,197.325,,68.805,,,,68.805,0,67.075,0,0,0,0,0,0,0,0,31,0,0,0,0,0,31,0,0,0,0,0,0,0,0,0,0,0,31,31,34,3,0,0.9,0.8,0.8,30_20_10,10_5_1,10_5_1,3.3.4,2026-03-08,WD
1001.csv,1001.csv,Friday,2026-03-06,13,segment16,13:15:00-13:19:55,20.95,20:57:00,29.549,05:32:55,13,0,2,HDCZA,0,1,0,,0,0,0,0,0,0,2.333,0,0,0,0,0,0,0,0,0,0,0,2.667,2.333,2.667,0,0,5,0,5,0,,0,,,,,,3.557,,,,,,,,,,,,138.162,3.557,138.162,,,75.347,,,,75.347,0,89.365,0,0,0,0,0,0,0,0,3,0,0,0,0,0,3,0,0,0,0,0,0,0,0,0,0,0,3,3,3,0,0,0.9,0.8,0.8,30_20_10,10_5_1,10_5_1,3.3.4,2026-03-08,WD
1001.csv,1001.csv,Friday,2026-03-06,13,segment17,13:20:00-13:24:55,20.95,20:57:00,29.549,05:32:55,13,0,2,HDCZA,0,1,0,,0,0,0,0,0,0,2.583,0,0,0,0,0,0,0,0,0,0,0,2.417,2.583,2.417,0,0,5,0,5,0,,0,,,,,,1.103,,,,,,,,,,,,133.921,1.103,133.921,,,65.298,,,,65.298,0,18.108,0,0,0,0,0,0,0,0,3,0,0,0,0,0,3,0,0,0,0,0,0,0,0,0,0,0,3,3,3,0,0,0.9,0.8,0.8,30_20_10,10_5_1,10_5_1,3.3.4,2026-03-08,WD
1001.csv,1001.csv,Friday,2026-03-06,13,segment18,13:25:00-14:44:55,20.95,20:57:00,29.549,05:32:55,13,0,2,HDCZA,0,1,0,,0,0,0,0,0,0,39.333,0,0,0,0,0,0,0,0,0,0,0,40.667,39.333,40.333,0.333,0,80,0,80,0,,0,,,,,,1.719,,,,,,,,,,,,132.327,1.719,131.803,195.7,,68.111,,,,68.111,0,117.388,0,0,0,0,0,0,0,0,41,0,0,0,0,0,41,0,0,0,0,0,0,0,0,0,0,0,41,41,45,4,0,0.9,0.8,0.8,30_20_10,10_5_1,10_5_1,3.3.4,2026-03-08,WD
1001.csv,1001.csv,Friday,2026-03-06,13,segment19,14:45:00-14:49:55,20.95,20:57:00,29.549,05:32:55,13,0,2,HDCZA,0,1,0,,0,0,0,0,0,0,2.917,0,0,0,0,0,0,0,0,0,0,0,2.083,2.917,2,0.083,0,5,0,5,0,,0,,,,,,3.857,,,,,,,,,,,,135.744,3.857,133.1,199.2,,58.81,,,,58.81,0,0,0,0,0,0,0,0,0,0,3,0,0,0,0,0,3,0,0,0,0,0,0,0,0,0,0,0,3,3,4,1,0,0.9,0.8,0.8,30_20_10,10_5_1,10_5_1,3.3.4,2026-03-08,WD
1001.csv,1001.csv,Friday,2026-03-06,13,segment20,14:50:00-14:59:55,20.95,20:57:00,29.549,05:32:55,13,0,2,HDCZA,0,1,0,,0,0,0,0,0,0,4.917,0,0,0,0,0,0,0,0,0,0,0,5.083,4.917,5.083,0,0,10,0,10,0,,0,,,,,,1.454,,,,,,,,,,,,132.646,1.454,132.646,,,68.143,,,,68.143,0,71.844,0,0,0,0,0,0,0,0,6,0,0,0,0,0,5,0,0,0,0,0,0,0,0,0,0,0,6,5,6,0,0,0.9,0.8,0.8,30_20_10,10_5_1,10_5_1,3.3.4,2026-03-08,WD
1001.csv,1001.csv,Friday,2026-03-06,13,segment21,15:00:00-15:04:55,20.95,20:57:00,29.549,05:32:55,13,0,2,HDCZA,0,1,0,,0,0,0,0,0,0,2.25,0,0,0,0,0,0,0,0,0,0,0,2.75,2.25,2.75,0,0,5,0,5,0,,0,,,,,,1.352,,,,,,,,,,,,136.552,1.352,136.552,,,75.712,,,,75.712,0,104.806,0,0,0,0,0,0,0,0,3,0,0,0,0,0,3,0,0,0,0,0,0,0,0,0,0,0,3,3,3,0,0,0.9,0.8,0.8,30_20_10,10_5_1,10_5_1,3.3.4,2026-03-08,WD
1001.csv,1001.csv,Friday,2026-03-06,13,segment22,15:05:00-15:14:55,20.95,20:57:00,29.549,05:32:55,13,0,2,HDCZA,0,1,0,,0,0,0,0,0,0,5.083,0,0.167,0,0,0,0,0,0,0,0,0,4.75,5.083,4.75,0.167,0,10,0,10,0,,0,,,,,,2.507,,205.95,,,,,,,,,,135.181,2.507,135.181,205.95,,68.918,,,,68.918,0,49.292,0,0,0,0,0,0,0,0,5,0,0,0,0,0,6,0,2,0,0,0,0,0,0,0,0,0,5,6,5,2,0,0.9,0.8,0.8,30_20_10,10_5_1,10_5_1,3.3.4,2026-03-08,WD
1001.csv,1001.csv,Friday,2026-03-06,13,segment23,15:15:00-15:19:55,20.95,20:57:00,29.549,05:32:55,13,0,2,HDCZA,0,1,0,,0,0,0,0,0,0,2.583,0,0,0,0,0,0,0,0,0,0,0,2.417,2.583,2.417,0,0,5,0,5,0,,0,,,,,,2.555,,,,,,,,,,,,135.259,2.555,135.259,,,66.695,,,,66.695,0,39.995,0,0,0,0,0,0,0,0,3,0,0,0,0,0,3,0,0,0,0,0,0,0,0,0,0,0,3,3,3,0,0,0.9,0.8,0.8,30_20_10,10_5_1,10_5_1,3.3.4,2026-03-08,WD
1001.csv,1001.csv,Friday,2026-03-06,13,segment24,15:20:00-15:24:55,20.95,20:57:00,29.549,05:32:55,13,0,2,HDCZA,0,1,0,,0,0,0,0,0,0,2.417,0,0,0,0,0,0,0,0,0,0,0,2.583,2.417,2.583,0,0,5,0,5,0,,0,,,,,,0.452,,,,,,,,,,,,134.187,0.452,134.187,,,69.548,,,,69.548,0,92.406,0,0,0,0,0,0,0,0,3,0,0,0,0,0,3,0,0,0,0,0,0,0,0,0,0,0,3,3,3,0,0,0.9,0.8,0.8,30_20_10,10_5_1,10_5_1,3.3.4,2026-03-08,WD
1001.csv,1001.csv,Friday,2026-03-06,13,segment25,15:25:00-15:29:55,20.95,20:57:00,29.549,05:32:55,13,0,2,HDCZA,0,1,0,,0,0,0,0,0,0,2.417,0,0,0,0,0,0,0,0,0,0,0,2.583,2.417,2.583,0,0,5,0,5,0,,0,,,,,,0.579,,,,,,,,,,,,129.923,0.579,129.923,,,67.407,,,,67.407,0,67.2,0,0,0,0,0,0,0,0,3,0,0,0,0,0,3,0,0,0,0,0,0,0,0,0,0,0,3,3,3,0,0,0.9,0.8,0.8,30_20_10,10_5_1,10_5_1,3.3.4,2026-03-08,WD
1001.csv,1001.csv,Friday,2026-03-06,13,segment26,15:30:00-15:34:55,20.95,20:57:00,29.549,05:32:55,13,0,2,HDCZA,0,1,0,,0,0,0,0,0,0,2.5,0,0,0,0,0,0,0,0,0,0,0,2.5,2.5,2.5,0,0,5,0,5,0,,0,,,,,,0.887,,,,,,,,,,,,139.9,0.887,139.9,,,70.393,,,,70.393,0,52.544,0,0,0,0,0,0,0,0,3,0,0,0,0,0,3,0,0,0,0,0,0,0,0,0,0,0,3,3,3,0,0,0.9,0.8,0.8,30_20_10,10_5_1,10_5_1,3.3.4,2026-03-08,WD
1001.csv,1001.csv,Friday,2026-03-06,13,segment27,15:35:00-17:59:55,20.95,20:57:00,29.549,05:32:55,13,0,2,HDCZA,0,1,0,,0,0,0,0,0,0,72.333,0,0,0,0,0,0,0,0,0,0,0,72.667,72.333,72.167,0.5,0,145,0,145,0,,0,,,,,,1.821,,,,,,,,,,,,135.56,1.821,135.126,198.2,,68.844,,,,68.844,111.041,142.8,0,0,0,0,0,0,0,0,73,0,0,0,0,0,74,0,0,0,0,0,0,0,0,0,0,0,73,74,79,6,0,0.9,0.8,0.8,30_20_10,10_5_1,10_5_1,3.3.4,2026-03-08,WD
1001.csv,1001.csv,Friday,2026-03-06,13,segment3,08:30:00-08:39:55,20.95,20:57:00,29.549,05:32:55,13,0,2,HDCZA,0,1,0,,0,0,0,0,0,0,5.167,0.083,0,0,0,0,0,0,0,0,0,0,4.75,5.167,4.833,0,0,10,0,10,0,,0,,,,,,3.485,61.6,,,,,,,,,,,97.384,3.485,96.767,,,48.572,,,,48.572,0,50.322,0,0,0,0,0,0,0,0,5,0,0,0,0,0,6,1,0,0,0,0,0,0,0,0,0,0,5,6,6,0,0,0.9,0.8,0.8,30_20_10,10_5_1,10_5_1,3.3.4,2026-03-08,WD
1001.csv,1001.csv,Friday,2026-03-06,13,segment4,08:40:00-08:44:55,20.95,20:57:00,29.549,05:32:55,13,0,2,HDCZA,0,1,0,,0,0,0,0,0,0,3,0,0,0,0,0,0,0,0,0,0,0,2,3,2,0,0,5,0,5,0,,0,,,,,,3.422,,,,,,,,,,,,101.233,3.422,101.233,,,42.547,,,,42.547,0,0,0,0,0,0,0,0,0,0,3,0,0,0,0,0,3,0,0,0,0,0,0,0,0,0,0,0,3,3,3,0,0,0.9,0.8,0.8,30_20_10,10_5_1,10_5_1,3.3.4,2026-03-08,WD
1001.csv,1001.csv,Friday,2026-03-06,13,segment5,08:45:00-10:09:55,20.95,20:57:00,29.549,05:32:55,13,0,2,HDCZA,0,1,0,,0,0,0,0,0,0,43,0,0,0,0,0,0,0,0,0,0,0,42,43,42,0,0,85,0,85,0,,0,,,,,,2.211,,,,,,,,,,,,99.396,2.211,99.396,,,50.232,,,,50.232,0,91.335,0,0,0,0,0,0,0,0,43,0,0,0,0,0,43,0,0,0,0,0,0,0,0,0,0,0,43,43,43,0,0,0.9,0.8,0.8,30_20_10,10_5_1,10_5_1,3.3.4,2026-03-08,WD
1001.csv,1001.csv,Friday,2026-03-06,13,segment6,10:10:00-10:14:55,20.95,20:57:00,29.549,05:32:55,13,0,2,HDCZA,0,1,0,,0,0,0,0,0,0,2.25,0,0,0,0,0,0,0,0,0,0,0,2.75,2.25,2.75,0,0,5,0,5,0,,0,,,,,,3.97,,,,,,,,,,,,97.873,3.97,97.873,,,55.617,,,,55.617,0,79.712,0,0,0,0,0,0,0,0,3,0,0,0,0,0,3,0,0,0,0,0,0,0,0,0,0,0,3,3,3,0,0,0.9,0.8,0.8,30_20_10,10_5_1,10_5_1,3.3.4,2026-03-08,WD
1001.csv,1001.csv,Friday,2026-03-06,13,segment7,10:15:00-10:19:55,20.95,20:57:00,29.549,05:32:55,13,0,2,HDCZA,0,1,0,,0,0,0,0,0,0,2.833,0,0,0,0,0,0,0,0,0,0,0,2.167,2.833,2.167,0,0,5,0,5,0,,0,,,,,,0.659,,,,,,,,,,,,96.046,0.659,96.046,,,41.993,,,,41.993,0,0,0,0,0,0,0,0,0,0,3,0,0,0,0,0,3,0,0,0,0,0,0,0,0,0,0,0,3,3,3,0,0,0.9,0.8,0.8,30_20_10,10_5_1,10_5_1,3.3.4,2026-03-08,WD
1001.csv,1001.csv,Friday,2026-03-06,13,segment8,10:20:00-10:24:55,20.95,20:57:00,29.549,05:32:55,13,0,2,HDCZA,0,1,0,,0,0,0,0,0,0,2.083,0,0,0,0,0,0,0,0,0,0,0,2.917,2.083,2.917,0,0,5,0,5,0,,0,,,,,,2.316,,,,,,,,,,,,98.157,2.316,98.157,,,58.223,,,,58.223,0,84.418,0,0,0,0,0,0,0,0,3,0,0,0,0,0,3,0,0,0,0,0,0,0,0,0,0,0,3,3,3,0,0,0.9,0.8,0.8,30_20_10,10_5_1,10_5_1,3.3.4,2026-03-08,WD
1001.csv,1001.csv,Friday,2026-03-06,13,segment9,10:25:00-10:29:55,20.95,20:57:00,29.549,05:32:55,13,0,2,HDCZA,0,1,0,,0,0,0,0,0,0,2.917,0,0,0,0,0,0,0,0,0,0,0,2.083,2.917,2.083,0,0,5,0,5,0,,0,,,,,,0.44,,,,,,,,,,,,98.332,0.44,98.332,,,41.228,,,,41.228,0,0,0,0,0,0,0,0,0,0,3,0,0,0,0,0,3,0,0,0,0,0,0,0,0,0,0,0,3,3,3,0,0,0.9,0.8,0.8,30_20_10,10_5_1,10_5_1,3.3.4,2026-03-08,WD
2001.csv,2001.csv,Monday,2026-03-02,1,segment27,15:35:00-17:59:55,,"",,"",1,0,2,HDCZA,0,1,0,,0,0,29.417,30.583,0,0,0,0,0,0,0,0,0,0,0,0,0,0,0,0,0,0,0,60,0,60,0,,0,,1.552,129.122,,,,,,,,,,,,,,,,,,,,66.578,,,,66.578,0,68.086,0,0,0,0,0,0,0,0,0,0,30,31,0,0,0,0,0,0,0,0,0,0,0,0,0,0,0,0,0,0,0,0.9,0.8,0.8,30_20_10,10_5_1,10_5_1,3.3.4,2026-03-16,WD
2001.csv,2001.csv,Monday,2026-03-02,1,segment28,18:00:00-23:59:55,,"",,"",1,0,2,HDCZA,0,1,50,,50,0.083,270.917,88.667,0.333,0,0,0,0,0,0,0,0,0,0,0,0,0,0,0,0,0,0,360,0,360,0,,0,16.4,0.745,128.402,196.35,,,,,,,,,,,,,,,,,,,32.371,,,,32.371,118.117,139.8,0,0,0,0,0,0,0,0,0,1,91,93,4,0,0,0,0,0,0,0,0,0,0,0,0,0,0,0,0,0,0,0.9,0.8,0.8,30_20_10,10_5_1,10_5_1,3.3.4,2026-03-16,WD
2001.csv,2001.csv,Wednesday,2026-03-04,3,segment18,13:25:00-14:44:55,20.947,20:56:50,31,07:00:00,3,0,2,HDCZA,0,1,25,,25,0,0,0,0,0,39.167,0.25,0,0,0,0,0,0,0,0,0,0,40.583,39.5,40.417,0.083,0,80,0,80,0,,0,,,,,,7.574,70.533,,,,,,,,,,,119.814,7.932,119.924,198.1,,64.709,,,,64.709,0,102.238,0,0,0,0,0,0,0,0,40,0,0,0,0,0,40,1,0,0,0,0,0,0,0,0,0,0,40,44,46,1,0,0.9,0.8,0.8,30_20_10,10_5_1,10_5_1,3.3.4,2026-03-16,WD
2001.csv,2001.csv,Wednesday,2026-03-04,3,segment19,14:45:00-14:49:55,20.947,20:56:50,31,07:00:00,3,0,2,HDCZA,0,1,0,,0,0,0,0,0,0,2.167,0,0,0,0,0,0,0,0,0,0,0,2.833,2.167,2.75,0.083,0,5,0,5,0,,0,,,,,,4.823,,,,,,,,,,,,127.941,4.823,125.852,196.9,,74.59,,,,74.59,0,106.135,0,0,0,0,0,0,0,0,3,0,0,0,0,0,3,0,0,0,0,0,0,0,0,0,0,0,3,3,4,1,0,0.9,0.8,0.8,30_20_10,10_5_1,10_5_1,3.3.4,2026-03-16,WD
2001.csv,2001.csv,Wednesday,2026-03-04,3,segment20,14:50:00-14:59:55,20.947,20:56:50,31,07:00:00,3,0,2,HDCZA,0,1,0,,0,0,0,0,0,0,5.083,0,0,0,0,0,0,0,0,0,0,0,4.917,5.083,4.917,0,0,10,0,10,0,,0,,,,,,2.198,,,,,,,,,,,,136.359,2.198,136.359,,,68.161,,,,68.161,0,47.631,0,0,0,0,0,0,0,0,5,0,0,0,0,0,6,0,0,0,0,0,0,0,0,0,0,0,5,6,5,0,0,0.9,0.8,0.8,30_20_10,10_5_1,10_5_1,3.3.4,2026-03-16,WD
2001.csv,2001.csv,Wednesday,2026-03-04,3,segment21,15:00:00-15:04:55,20.947,20:56:50,31,07:00:00,3,0,2,HDCZA,0,1,0,,0,0,0,0,0,0,2.75,0,0,0,0,0,0,0,0,0,0,0,2.25,2.75,2.25,0,0,5,0,5,0,,0,,,,,,0.618,,,,,,,,,,,,124.207,0.618,124.207,,,56.233,,,,56.233,0,0,0,0,0,0,0,0,0,0,3,0,0,0,0,0,3,0,0,0,0,0,0,0,0,0,0,0,3,3,3,0,0,0.9,0.8,0.8,30_20_10,10_5_1,10_5_1,3.3.4,2026-03-16,WD
2001.csv,2001.csv,Wednesday,2026-03-04,3,segment22,15:05:00-15:14:55,20.947,20:56:50,31,07:00:00,3,0,2,HDCZA,0,1,0,,0,0,0,0,0,0,4.917,0,0,0,0,0,0,0,0,0,0,0,5.083,4.917,5.083,0,0,10,0,10,0,,0,,,,,,1.48,,,,,,,,,,,,130.039,1.48,130.039,,,66.831,,,,66.831,0,68.922,0,0,0,0,0,0,0,0,6,0,0,0,0,0,5,0,0,0,0,0,0,0,0,0,0,0,6,5,6,0,0,0.9,0.8,0.8,30_20_10,10_5_1,10_5_1,3.3.4,2026-03-16,WD
2001.csv,2001.csv,Wednesday,2026-03-04,3,segment23,15:15:00-15:19:55,20.947,20:56:50,31,07:00:00,3,0,2,HDCZA,0,1,0,,0,0,0,0,0,0,2.333,0,0,0,0,0,0,0,0,0,0,0,2.667,2.333,2.667,0,0,5,0,5,0,,0,,,,,,1.668,,,,,,,,,,,,132.609,1.668,132.609,,,71.503,,,,71.503,0,104.854,0,0,0,0,0,0,0,0,3,0,0,0,0,0,3,0,0,0,0,0,0,0,0,0,0,0,3,3,3,0,0,0.9,0.8,0.8,30_20_10,10_5_1,10_5_1,3.3.4,2026-03-16,WD
2001.csv,2001.csv,Wednesday,2026-03-04,3,segment24,15:20:00-15:24:55,20.947,20:56:50,31,07:00:00,3,0,2,HDCZA,0,1,0,,0,0,0,0,0,0,2.583,0,0,0,0,0,0,0,0,0,0,0,2.417,2.583,2.417,0,0,5,0,5,0,,0,,,,,,1.032,,,,,,,,,,,,134.524,1.032,134.524,,,65.553,,,,65.553,0,16.943,0,0,0,0,0,0,0,0,3,0,0,0,0,0,3,0,0,0,0,0,0,0,0,0,0,0,3,3,3,0,0,0.9,0.8,0.8,30_20_10,10_5_1,10_5_1,3.3.4,2026-03-16,WD
2001.csv,2001.csv,Wednesday,2026-03-04,3,segment25,15:25:00-15:29:55,20.947,20:56:50,31,07:00:00,3,0,2,HDCZA,0,1,0,,0,0,0,0,0,0,2.417,0,0,0,0,0,0,0,0,0,0,0,2.583,2.417,2.583,0,0,5,0,5,0,,0,,,,,,2.428,,,,,,,,,,,,125.261,2.428,125.261,,,65.892,,,,65.892,0,81.479,0,0,0,0,0,0,0,0,3,0,0,0,0,0,3,0,0,0,0,0,0,0,0,0,0,0,3,3,3,0,0,0.9,0.8,0.8,30_20_10,10_5_1,10_5_1,3.3.4,2026-03-16,WD
2001.csv,2001.csv,Wednesday,2026-03-04,3,segment26,15:30:00-15:34:55,20.947,20:56:50,31,07:00:00,3,0,2,HDCZA,0,1,0,,0,0,0,0,0,0,2.5,0,0,0,0,0,0,0,0,0,0,0,2.5,2.5,2.5,0,0,5,0,5,0,,0,,,,,,1.163,,,,,,,,,,,,129.797,1.163,129.797,,,65.48,,,,65.48,0,51.419,0,0,0,0,0,0,0,0,3,0,0,0,0,0,3,0,0,0,0,0,0,0,0,0,0,0,3,3,3,0,0,0.9,0.8,0.8,30_20_10,10_5_1,10_5_1,3.3.4,2026-03-16,WD
2001.csv,2001.csv,Wednesday,2026-03-04,3,segment27,15:35:00-17:59:55,20.947,20:56:50,31,07:00:00,3,0,2,HDCZA,0,1,0,,0,0,0,0,0,0,72.167,0,0,0,0,0,0,0,0,0,0,0,72.833,72.167,72.583,0.25,0,145,0,145,0,,0,,,,,,1.947,,,,,,,,,,,,128.379,1.947,128.147,195.633,,65.453,,,,65.453,107,135.5,0,0,0,0,0,0,0,0,74,0,0,0,0,0,73,0,0,0,0,0,0,0,0,0,0,0,74,73,77,3,0,0.9,0.8,0.8,30_20_10,10_5_1,10_5_1,3.3.4,2026-03-16,WD
2001.csv,2001.csv,Friday,2026-03-06,5,segment12,12:00:00-12:04:55,20.947,20:56:50,36,12:00:00,5,0,2,HDCZA,0,1,0,,0,0,0,0,0,0,2.083,0,0,0,0,0,0,0,0,0,0,0,2.917,2.083,2.917,0,0,5,0,5,0,,0,,,,,,1,,,,,,,,,,,,140.917,1,140.917,,,82.618,,,,82.618,0,115.765,0,0,0,0,0,0,0,0,3,0,0,0,0,0,3,0,0,0,0,0,0,0,0,0,0,0,3,3,3,0,0,0.9,0.8,0.8,30_20_10,10_5_1,10_5_1,3.3.4,2026-03-16,WD
2001.csv,2001.csv,Friday,2026-03-06,5,segment13,12:05:00-12:09:55,20.947,20:56:50,36,12:00:00,5,0,2,HDCZA,0,1,0,,0,0,0,0,0,0,2.917,0,0,0,0,0,0,0,0,0,0,0,2.083,2.917,2.083,0,0,5,0,5,0,,0,,,,,,1.989,,,,,,,,,,,,121.724,1.989,121.724,,,51.878,,,,51.878,0,0,0,0,0,0,0,0,0,0,3,0,0,0,0,0,3,0,0,0,0,0,0,0,0,0,0,0,3,3,3,0,0,0.9,0.8,0.8,30_20_10,10_5_1,10_5_1,3.3.4,2026-03-16,WD
2001.csv,2001.csv,Friday,2026-03-06,5,segment14,12:10:00-12:14:55,20.947,20:56:50,36,12:00:00,5,0,2,HDCZA,0,1,0,,0,0,0,0,0,0,2,0,0,0,0,0,0,0,0,0,0,0,3,2,3,0,0,5,0,5,0,,0,,,,,,1.663,,,,,,,,,,,,135.033,1.663,135.033,,,81.685,,,,81.685,0,112.694,0,0,0,0,0,0,0,0,3,0,0,0,0,0,2,0,0,0,0,0,0,0,0,0,0,0,3,2,3,0,0,0.9,0.8,0.8,30_20_10,10_5_1,10_5_1,3.3.4,2026-03-16,WD
2001.csv,2001.csv,Friday,2026-03-06,5,segment15,12:15:00-13:14:55,20.947,20:56:50,36,12:00:00,5,0,2,HDCZA,0,1,0,,0,0,0,0,0,0,30,0,0,0,0,0,0,0,0,0,0,0,30,30,30,0,0,60,0,60,0,,0,,,,,,1.443,,,,,,,,,,,,128.346,1.443,128.346,,,64.895,,,,64.895,0,56.263,0,0,0,0,0,0,0,0,30,0,0,0,0,0,31,0,0,0,0,0,0,0,0,0,0,0,30,31,30,0,0,0.9,0.8,0.8,30_20_10,10_5_1,10_5_1,3.3.4,2026-03-16,WD
2001.csv,2001.csv,Friday,2026-03-06,5,segment16,13:15:00-13:19:55,20.947,20:56:50,36,12:00:00,5,0,2,HDCZA,0,1,0,,0,0,0,0,0,0,2.417,0,0,0,0,0,0,0,0,0,0,0,2.583,2.417,2.583,0,0,5,0,5,0,,0,,,,,,3.162,,,,,,,,,,,,127.277,3.162,127.277,,,67.288,,,,67.288,0,68.982,0,0,0,0,0,0,0,0,3,0,0,0,0,0,3,0,0,0,0,0,0,0,0,0,0,0,3,3,3,0,0,0.9,0.8,0.8,30_20_10,10_5_1,10_5_1,3.3.4,2026-03-16,WD
2001.csv,2001.csv,Friday,2026-03-06,5,segment17,13:20:00-13:24:55,20.947,20:56:50,36,12:00:00,5,0,2,HDCZA,0,1,0,,0,0,0,0,0,0,2.583,0,0,0,0,0,0,0,0,0,0,0,2.417,2.583,2.417,0,0,5,0,5,0,,0,,,,,,0.761,,,,,,,,,,,,130.955,0.761,130.955,,,63.688,,,,63.688,0,12.496,0,0,0,0,0,0,0,0,3,0,0,0,0,0,3,0,0,0,0,0,0,0,0,0,0,0,3,3,3,0,0,0.9,0.8,0.8,30_20_10,10_5_1,10_5_1,3.3.4,2026-03-16,WD
2001.csv,2001.csv,Friday,2026-03-06,5,segment18,13:25:00-14:44:55,20.947,20:56:50,36,12:00:00,5,0,2,HDCZA,0,1,0,,0,0,0,0,0,0,40.083,0,0,0,0,0,0,0,0,0,0,0,39.917,40.083,39.917,0,0,80,0,80,0,,0,,,,,,2.088,,,,,,,,,,,,131.331,2.088,131.331,,,66.575,,,,66.575,0,112.988,0,0,0,0,0,0,0,0,41,0,0,0,0,0,41,0,0,0,0,0,0,0,0,0,0,0,41,41,41,0,0,0.9,0.8,0.8,30_20_10,10_5_1,10_5_1,3.3.4,2026-03-16,WD
2001.csv,2001.csv,Friday,2026-03-06,5,segment19,14:45:00-14:49:55,20.947,20:56:50,36,12:00:00,5,0,2,HDCZA,0,1,0,,0,0,0,0,0,0,2.333,0,0,0,0,0,0,0,0,0,0,0,2.667,2.333,2.667,0,0,5,0,5,0,,0,,,,,,2.896,,,,,,,,,,,,137.875,2.896,137.875,,,74.885,,,,74.885,0,92.454,0,0,0,0,0,0,0,0,3,0,0,0,0,0,3,0,0,0,0,0,0,0,0,0,0,0,3,3,3,0,0,0.9,0.8,0.8,30_20_10,10_5_1,10_5_1,3.3.4,2026-03-16,WD
2001.csv,2001.csv,Friday,2026-03-06,5,segment20,14:50:00-14:59:55,20.947,20:56:50,36,12:00:00,5,0,2,HDCZA,0,1,0,,0,0,0,0,0,0,4.917,0,0,0,0,0,0,0,0,0,0,0,5.083,4.917,5,0.083,0,10,0,10,0,,0,,,,,,1.275,,,,,,,,,,,,128.969,1.275,127.795,199.4,,66.186,,,,66.186,0,62.592,0,0,0,0,0,0,0,0,5,0,0,0,0,0,6,0,0,0,0,0,0,0,0,0,0,0,5,6,6,1,0,0.9,0.8,0.8,30_20_10,10_5_1,10_5_1,3.3.4,2026-03-16,WD
2001.csv,2001.csv,Friday,2026-03-06,5,segment21,15:00:00-15:04:55,20.947,20:56:50,36,12:00:00,5,0,2,HDCZA,0,1,0,,0,0,0,0,0,0,2.583,0,0,0,0,0,0,0,0,0,0,0,2.417,2.583,2.417,0,0,5,0,5,0,,0,,,,,,2.555,,,,,,,,,,,,132.955,2.555,132.955,,,65.582,,,,65.582,0,40.013,0,0,0,0,0,0,0,0,3,0,0,0,0,0,3,0,0,0,0,0,0,0,0,0,0,0,3,3,3,0,0,0.9,0.8,0.8,30_20_10,10_5_1,10_5_1,3.3.4,2026-03-16,WD
2001.csv,2001.csv,Friday,2026-03-06,5,segment22,15:05:00-15:14:55,20.947,20:56:50,36,12:00:00,5,0,2,HDCZA,0,1,0,,0,0,0,0,0,0,4.833,0,0,0,0,0,0,0,0,0,0,0,5.167,4.833,5.167,0,0,10,0,10,0,,0,,,,,,0.581,,,,,,,,,,,,123.427,0.581,123.427,,,64.052,,,,64.052,0,61.385,0,0,0,0,0,0,0,0,6,0,0,0,0,0,5,0,0,0,0,0,0,0,0,0,0,0,6,5,6,0,0,0.9,0.8,0.8,30_20_10,10_5_1,10_5_1,3.3.4,2026-03-16,WD
2001.csv,2001.csv,Friday,2026-03-06,5,segment23,15:15:00-15:19:55,20.947,20:56:50,36,12:00:00,5,0,2,HDCZA,0,1,0,,0,0,0,0,0,0,2.5,0,0,0,0,0,0,0,0,0,0,0,2.5,2.5,2.5,0,0,5,0,5,0,,0,,,,,,0.617,,,,,,,,,,,,122.257,0.617,122.257,,,61.437,,,,61.437,0,46.191,0,0,0,0,0,0,0,0,3,0,0,0,0,0,3,0,0,0,0,0,0,0,0,0,0,0,3,3,3,0,0,0.9,0.8,0.8,30_20_10,10_5_1,10_5_1,3.3.4,2026-03-16,WD
2001.csv,2001.csv,Friday,2026-03-06,5,segment24,15:20:00-15:24:55,20.947,20:56:50,36,12:00:00,5,0,2,HDCZA,0,1,0,,0,0,0,0,0,0,2.333,0,0,0,0,0,0,0,0,0,0,0,2.667,2.333,2.667,0,0,5,0,5,0,,0,,,,,,0.818,,,,,,,,,,,,132.481,0.818,132.481,,,71.038,,,,71.038,0,76.512,0,0,0,0,0,0,0,0,3,0,0,0,0,0,3,0,0,0,0,0,0,0,0,0,0,0,3,3,3,0,0,0.9,0.8,0.8,30_20_10,10_5_1,10_5_1,3.3.4,2026-03-16,WD
2001.csv,2001.csv,Friday,2026-03-06,5,segment25,15:25:00-15:29:55,20.947,20:56:50,36,12:00:00,5,0,2,HDCZA,0,1,0,,0,0,0,0,0,0,2.667,0,0,0,0,0,0,0,0,0,0,0,2.333,2.667,2.333,0,0,5,0,5,0,,0,,,,,,2.644,,,,,,,,,,,,130.743,2.644,130.743,,,62.423,,,,62.423,0,20.914,0,0,0,0,0,0,0,0,3,0,0,0,0,0,3,0,0,0,0,0,0,0,0,0,0,0,3,3,3,0,0,0.9,0.8,0.8,30_20_10,10_5_1,10_5_1,3.3.4,2026-03-16,WD
2001.csv,2001.csv,Friday,2026-03-06,5,segment26,15:30:00-15:34:55,20.947,20:56:50,36,12:00:00,5,0,2,HDCZA,0,1,0,,0,0,0,0,0,0,2.333,0,0,0,0,0,0,0,0,0,0,0,2.667,2.333,2.667,0,0,5,0,5,0,,0,,,,,,2.396,,,,,,,,,,,,125.097,2.396,125.097,,,67.837,,,,67.837,0,95.359,0,0,0,0,0,0,0,0,3,0,0,0,0,0,3,0,0,0,0,0,0,0,0,0,0,0,3,3,3,0,0,0.9,0.8,0.8,30_20_10,10_5_1,10_5_1,3.3.4,2026-03-16,WD
2001.csv,2001.csv,Friday,2026-03-06,5,segment27,15:35:00-17:59:55,20.947,20:56:50,36,12:00:00,5,0,2,HDCZA,0,1,0,,0,0,0,0,0,0,72.333,0,0,0,0,0,0,0,0,0,0,0,72.667,72.333,72.667,0,0,145,0,145,0,,0,,,,,,2.05,,,,,,,,,,,,128.807,2.05,128.807,,,65.574,,,,65.574,106.472,134.721,0,0,0,0,0,0,0,0,74,0,0,0,0,0,73,0,0,0,0,0,0,0,0,0,0,0,74,73,74,0,0,0.9,0.8,0.8,30_20_10,10_5_1,10_5_1,3.3.4,2026-03-16,WD
2001.csv,2001.csv,Sunday,2026-03-08,7,segment15,12:15:00-13:14:55,20.947,20:56:50,31,07:00:00,7,0,2,HDCZA,0,1,50,,50,0,0,0,0,0,20.917,0,0,0,0,0,0,0,0,17.083,0,0,22,37.167,22.833,0,0,60,0,60,0,,0,,,,,,20.39,,,,,,,,,19.881,,,99.068,17.459,100.587,,,49.094,,,,49.094,0,34.886,0,0,0,0,0,1,0,0,22,0,0,0,0,0,22,0,0,0,0,0,0,0,0,1,0,0,22,25,24,0,0,0.9,0.8,0.8,30_20_10,10_5_1,10_5_1,3.3.4,2026-03-16,WE
2001.csv,2001.csv,Sunday,2026-03-08,7,segment16,13:15:00-13:19:55,20.947,20:56:50,31,07:00:00,7,0,2,HDCZA,0,1,0,,0,0,0,0,0,0,2.25,0,0,0,0,0,0,0,0,0,0,0,2.75,2.25,2.75,0,0,5,0,5,0,,0,,,,,,1.393,,,,,,,,,,,,133.915,1.393,133.915,,,74.28,,,,74.28,0,103.036,0,0,0,0,0,0,0,0,3,0,0,0,0,0,3,0,0,0,0,0,0,0,0,0,0,0,3,3,3,0,0,0.9,0.8,0.8,30_20_10,10_5_1,10_5_1,3.3.4,2026-03-16,WE
2001.csv,2001.csv,Sunday,2026-03-08,7,segment17,13:20:00-13:24:55,20.947,20:56:50,31,07:00:00,7,0,2,HDCZA,0,1,0,,0,0,0,0,0,0,2.75,0,0,0,0,0,0,0,0,0,0,0,2.25,2.75,2.25,0,0,5,0,5,0,,0,,,,,,1.836,,,,,,,,,,,,127.03,1.836,127.03,,,58.173,,,,58.173,0,0,0,0,0,0,0,0,0,0,3,0,0,0,0,0,3,0,0,0,0,0,0,0,0,0,0,0,3,3,3,0,0,0.9,0.8,0.8,30_20_10,10_5_1,10_5_1,3.3.4,2026-03-16,WE
2001.csv,2001.csv,Sunday,2026-03-08,7,segment18,13:25:00-14:44:55,20.947,20:56:50,31,07:00:00,7,0,2,HDCZA,0,1,0,,0,0,0,0,0,0,39.75,0,0,0,0,0,0,0,0,0,0,0,40.25,39.75,40.25,0,0,80,0,80,0,,0,,,,,,1.775,,,,,,,,,,,,130.636,1.775,130.636,,,66.608,,,,66.608,0,114.713,0,0,0,0,0,0,0,0,41,0,0,0,0,0,41,0,0,0,0,0,0,0,0,0,0,0,41,41,41,0,0,0.9,0.8,0.8,30_20_10,10_5_1,10_5_1,3.3.4,2026-03-16,WE
2001.csv,2001.csv,Sunday,2026-03-08,7,segment19,14:45:00-14:49:55,20.947,20:56:50,31,07:00:00,7,0,2,HDCZA,0,1,0,,0,0,0,0,0,0,2.5,0,0,0,0,0,0,0,0,0,0,0,2.5,2.5,2.5,0,0,5,0,5,0,,0,,,,,,0.487,,,,,,,,,,,,125.693,0.487,125.693,,,63.09,,,,63.09,0,48.115,0,0,0,0,0,0,0,0,3,0,0,0,0,0,3,0,0,0,0,0,0,0,0,0,0,0,3,3,3,0,0,0.9,0.8,0.8,30_20_10,10_5_1,10_5_1,3.3.4,2026-03-16,WE
2001.csv,2001.csv,Sunday,2026-03-08,7,segment20,14:50:00-14:59:55,20.947,20:56:50,31,07:00:00,7,0,2,HDCZA,0,1,0,,0,0,0,0,0,0,5,0,0,0,0,0,0,0,0,0,0,0,5,5,5,0,0,10,0,10,0,,0,,,,,,1.612,,,,,,,,,,,,124.62,1.612,124.62,,,63.116,,,,63.116,0,55.273,0,0,0,0,0,0,0,0,5,0,0,0,0,0,6,0,0,0,0,0,0,0,0,0,0,0,5,6,5,0,0,0.9,0.8,0.8,30_20_10,10_5_1,10_5_1,3.3.4,2026-03-16,WE
2001.csv,2001.csv,Sunday,2026-03-08,7,segment21,15:00:00-15:04:55,20.947,20:56:50,31,07:00:00,7,0,2,HDCZA,0,1,0,,0,0,0,0,0,0,2.333,0,0,0,0,0,0,0,0,0,0,0,2.667,2.333,2.667,0,0,5,0,5,0,,0,,,,,,2.686,,,,,,,,,,,,126.331,2.686,126.331,,,68.63,,,,68.63,0,93.082,0,0,0,0,0,0,0,0,3,0,0,0,0,0,3,0,0,0,0,0,0,0,0,0,0,0,3,3,3,0,0,0.9,0.8,0.8,30_20_10,10_5_1,10_5_1,3.3.4,2026-03-16,WE
2001.csv,2001.csv,Sunday,2026-03-08,7,segment22,15:05:00-15:14:55,20.947,20:56:50,31,07:00:00,7,0,2,HDCZA,0,1,0,,0,0,0,0,0,0,4.917,0,0,0,0,0,0,0,0,0,0,0,5.083,4.917,5.083,0,0,10,0,10,0,,0,,,,,,1.01,,,,,,,,,,,,124.97,1.01,124.97,,,64.023,,,,64.023,0,72.445,0,0,0,0,0,0,0,0,6,0,0,0,0,0,5,0,0,0,0,0,0,0,0,0,0,0,6,5,6,0,0,0.9,0.8,0.8,30_20_10,10_5_1,10_5_1,3.3.4,2026-03-16,WE
2001.csv,2001.csv,Sunday,2026-03-08,7,segment23,15:15:00-15:19:55,20.947,20:56:50,31,07:00:00,7,0,2,HDCZA,0,1,0,,0,0,0,0,0,0,2.75,0,0,0,0,0,0,0,0,0,0,0,2.25,2.75,2.25,0,0,5,0,5,0,,0,,,,,,0.658,,,,,,,,,,,,126.737,0.658,126.737,,,57.393,,,,57.393,0,0,0,0,0,0,0,0,0,0,3,0,0,0,0,0,3,0,0,0,0,0,0,0,0,0,0,0,3,3,3,0,0,0.9,0.8,0.8,30_20_10,10_5_1,10_5_1,3.3.4,2026-03-16,WE
2001.csv,2001.csv,Sunday,2026-03-08,7,segment24,15:20:00-15:24:55,20.947,20:56:50,31,07:00:00,7,0,2,HDCZA,0,1,0,,0,0,0,0,0,0,2.25,0,0,0,0,0,0,0,0,0,0,0,2.75,2.25,2.75,0,0,5,0,5,0,,0,,,,,,3.726,,,,,,,,,,,,127.545,3.726,127.545,,,71.827,,,,71.827,0,84.165,0,0,0,0,0,0,0,0,3,0,0,0,0,0,3,0,0,0,0,0,0,0,0,0,0,0,3,3,3,0,0,0.9,0.8,0.8,30_20_10,10_5_1,10_5_1,3.3.4,2026-03-16,WE
2001.csv,2001.csv,Sunday,2026-03-08,7,segment25,15:25:00-15:29:55,20.947,20:56:50,31,07:00:00,7,0,2,HDCZA,0,1,0,,0,0,0,0,0,0,2.833,0,0,0,0,0,0,0,0,0,0,0,2.167,2.833,2.167,0,0,5,0,5,0,,0,,,,,,1.038,,,,,,,,,,,,128.881,1.038,128.881,,,56.437,,,,56.437,0,0,0,0,0,0,0,0,0,0,3,0,0,0,0,0,3,0,0,0,0,0,0,0,0,0,0,0,3,3,3,0,0,0.9,0.8,0.8,30_20_10,10_5_1,10_5_1,3.3.4,2026-03-16,WE
2001.csv,2001.csv,Sunday,2026-03-08,7,segment26,15:30:00-15:34:55,20.947,20:56:50,31,07:00:00,7,0,2,HDCZA,0,1,0,,0,0,0,0,0,0,2.167,0,0,0,0,0,0,0,0,0,0,0,2.833,2.167,2.833,0,0,5,0,5,0,,0,,,,,,4.923,,,,,,,,,,,,131.203,4.923,131.203,,,76.482,,,,76.482,0,107.706,0,0,0,0,0,0,0,0,3,0,0,0,0,0,3,0,0,0,0,0,0,0,0,0,0,0,3,3,3,0,0,0.9,0.8,0.8,30_20_10,10_5_1,10_5_1,3.3.4,2026-03-16,WE
2001.csv,2001.csv,Sunday,2026-03-08,7,segment27,15:35:00-17:59:55,20.947,20:56:50,31,07:00:00,7,0,2,HDCZA,0,1,0,,0,0,0,0,0,0,72.083,0,0,0,0,0,0,0,0,0,0,0,72.917,72.083,72.75,0.167,0,145,0,145,0,,0,,,,,,1.879,,,,,,,,,,,,128.469,1.879,128.314,196.3,,65.538,,,,65.538,104.541,135.021,0,0,0,0,0,0,0,0,74,0,0,0,0,0,74,0,0,0,0,0,0,0,0,0,0,0,74,74,76,2,0,0.9,0.8,0.8,30_20_10,10_5_1,10_5_1,3.3.4,2026-03-16,WE
2001.csv,2001.csv,Tuesday,2026-03-10,9,segment10,10:30:00-10:34:55,20.947,20:56:50,31.046,07:02:45,9,0,2,HDCZA,0,1,0,,0,0,0,0,0,0,2.333,0.167,0,0,0,0,2.5,0,0,0,0,0,0,2.333,0.25,2.417,0,5,0,5,0,,0,,,,,,0,82.3,,,,,267.223,,,,,,,0,118.567,269.848,,136.355,,,,136.355,0,147.341,0,0,3,0,0,0,0,0,0,0,0,0,0,0,3,2,0,0,0,0,3,0,0,0,0,0,0,3,3,4,0,0.9,0.8,0.8,30_20_10,10_5_1,10_5_1,3.3.4,2026-03-16,WD
2001.csv,2001.csv,Tuesday,2026-03-10,9,segment11,10:35:00-11:59:55,20.947,20:56:50,31.046,07:02:45,9,0,2,HDCZA,0,1,0,,0,0,0,0,0,0,7.667,0.917,0,0,0,0,7.75,68.667,0,0,0,0,0,74.333,1.167,9.5,0,85,0,85,0,,0,,,,,,1.589,128.527,,,,,270.803,20.245,,,,,,11.801,137.393,271.72,,42.575,,,,42.575,0,25.3,0,0,11,1,0,0,0,0,0,0,0,0,0,0,8,11,0,0,0,0,9,1,0,0,0,0,0,11,14,13,0,0.9,0.8,0.8,30_20_10,10_5_1,10_5_1,3.3.4,2026-03-16,WD
2001.csv,2001.csv,Tuesday,2026-03-10,9,segment12,12:00:00-12:04:55,20.947,20:56:50,31.046,07:02:45,9,0,2,HDCZA,0,1,0,,0,0,0,0,0,0,0,0,0,0,0,0,0,5,0,0,0,0,0,5,0,0,0,5,0,5,0,,0,,,,,,,,,,,,,14.17,,,,,,14.17,,,,14.17,,,,14.17,0,16.924,0,0,0,1,0,0,0,0,0,0,0,0,0,0,0,0,0,0,0,0,0,1,0,0,0,0,0,1,0,0,0,0.9,0.8,0.8,30_20_10,10_5_1,10_5_1,3.3.4,2026-03-16,WD
2001.csv,2001.csv,Tuesday,2026-03-10,9,segment13,12:05:00-12:09:55,20.947,20:56:50,31.046,07:02:45,9,0,2,HDCZA,0,1,0,,0,0,0,0,0,0,0,0,0,0,0,0,0,5,0,0,0,0,0,5,0,0,0,5,0,5,0,,0,,,,,,,,,,,,,12.402,,,,,,12.402,,,,12.402,,,,12.402,0,5.6,0,0,0,1,0,0,0,0,0,0,0,0,0,0,0,0,0,0,0,0,0,1,0,0,0,0,0,1,0,0,0,0.9,0.8,0.8,30_20_10,10_5_1,10_5_1,3.3.4,2026-03-16,WD
2001.csv,2001.csv,Tuesday,2026-03-10,9,segment14,12:10:00-12:14:55,20.947,20:56:50,31.046,07:02:45,9,0,2,HDCZA,0,1,0,,0,0,0,0,0,0,0,0,0,0,0,0,0,5,0,0,0,0,0,5,0,0,0,5,0,5,0,,0,,,,,,,,,,,,,13.15,,,,,,13.15,,,,13.15,,,,13.15,0,13.83,0,0,0,1,0,0,0,0,0,0,0,0,0,0,0,0,0,0,0,0,0,1,0,0,0,0,0,1,0,0,0,0.9,0.8,0.8,30_20_10,10_5_1,10_5_1,3.3.4,2026-03-16,WD
2001.csv,2001.csv,Tuesday,2026-03-10,9,segment15,12:15:00-13:14:55,20.947,20:56:50,31.046,07:02:45,9,0,2,HDCZA,0,1,0,,0,0,0,0,0,0,16.833,0,0,0,0,0,0,26.333,0,0,0,0,16.833,40.167,19.833,0,0,60,0,60,0,,0,,,,,,2.122,,,,,,,24.959,,,,,130.88,8.055,129.711,,,48.269,,,,48.269,0,18.158,0,0,0,1,0,0,0,0,17,0,0,0,0,0,17,0,0,0,0,0,0,1,0,0,0,0,17,21,20,0,0,0.9,0.8,0.8,30_20_10,10_5_1,10_5_1,3.3.4,2026-03-16,WD
2001.csv,2001.csv,Tuesday,2026-03-10,9,segment16,13:15:00-13:19:55,20.947,20:56:50,31.046,07:02:45,9,0,2,HDCZA,0,1,0,,0,0,0,0,0,0,1.917,0,0,0,0,0,0,0,0,0,0,0,3.083,1.917,3.083,0,0,5,0,5,0,,0,,,,,,1.717,,,,,,,,,,,,124.151,1.717,124.151,,,77.218,,,,77.218,0,105.312,0,0,0,0,0,0,0,0,3,0,0,0,0,0,3,0,0,0,0,0,0,0,0,0,0,0,3,3,3,0,0,0.9,0.8,0.8,30_20_10,10_5_1,10_5_1,3.3.4,2026-03-16,WD
2001.csv,2001.csv,Tuesday,2026-03-10,9,segment17,13:20:00-13:24:55,20.947,20:56:50,31.046,07:02:45,9,0,2,HDCZA,0,1,0,,0,0,0,0,0,0,3,0,0,0,0,0,0,0,0,0,0,0,2,3,2,0,0,5,0,5,0,,0,,,,,,1.406,,,,,,,,,,,,129.062,1.406,129.062,,,52.468,,,,52.468,0,0,0,0,0,0,0,0,0,0,2,0,0,0,0,0,3,0,0,0,0,0,0,0,0,0,0,0,2,3,2,0,0,0.9,0.8,0.8,30_20_10,10_5_1,10_5_1,3.3.4,2026-03-16,WD
2001.csv,2001.csv,Tuesday,2026-03-10,9,segment18,13:25:00-14:44:55,20.947,20:56:50,31.046,07:02:45,9,0,2,HDCZA,0,1,0,,0,0,0,0,0,0,39.583,0,0,0,0,0,0,0,0,0,0,0,40.417,39.583,40.333,0.083,0,80,0,80,0,,0,,,,,,1.931,,,,,,,,,,,,130.745,1.931,130.609,196.4,,67.009,,,,67.009,0,114.488,0,0,0,0,0,0,0,0,41,0,0,0,0,0,40,0,0,0,0,0,0,0,0,0,0,0,41,40,42,1,0,0.9,0.8,0.8,30_20_10,10_5_1,10_5_1,3.3.4,2026-03-16,WD
2001.csv,2001.csv,Tuesday,2026-03-10,9,segment19,14:45:00-14:49:55,20.947,20:56:50,31.046,07:02:45,9,0,2,HDCZA,0,1,0,,0,0,0,0,0,0,2.75,0,0,0,0,0,0,0,0,0,0,0,2.25,2.75,2.25,0,0,5,0,5,0,,0,,,,,,2.809,,,,,,,,,,,,126.585,2.809,126.585,,,58.508,,,,58.508,0,12.866,0,0,0,0,0,0,0,0,3,0,0,0,0,0,3,0,0,0,0,0,0,0,0,0,0,0,3,3,3,0,0,0.9,0.8,0.8,30_20_10,10_5_1,10_5_1,3.3.4,2026-03-16,WD
2001.csv,2001.csv,Tuesday,2026-03-10,9,segment20,14:50:00-14:59:55,20.947,20:56:50,31.046,07:02:45,9,0,2,HDCZA,0,1,0,,0,0,0,0,0,0,5,0,0,0,0,0,0,0,0,0,0,0,5,5,5,0,0,10,0,10,0,,0,,,,,,2.132,,,,,,,,,,,,130.857,2.132,130.857,,,66.494,,,,66.494,0,55.278,0,0,0,0,0,0,0,0,5,0,0,0,0,0,6,0,0,0,0,0,0,0,0,0,0,0,5,6,5,0,0,0.9,0.8,0.8,30_20_10,10_5_1,10_5_1,3.3.4,2026-03-16,WD
2001.csv,2001.csv,Tuesday,2026-03-10,9,segment21,15:00:00-15:04:55,20.947,20:56:50,31.046,07:02:45,9,0,2,HDCZA,0,1,0,,0,0,0,0,0,0,2.167,0,0,0,0,0,0,0,0,0,0,0,2.833,2.167,2.833,0,0,5,0,5,0,,0,,,,,,0.531,,,,,,,,,,,,129.203,0.531,129.203,,,73.445,,,,73.445,0,105.094,0,0,0,0,0,0,0,0,3,0,0,0,0,0,3,0,0,0,0,0,0,0,0,0,0,0,3,3,3,0,0,0.9,0.8,0.8,30_20_10,10_5_1,10_5_1,3.3.4,2026-03-16,WD
2001.csv,2001.csv,Tuesday,2026-03-10,9,segment22,15:05:00-15:14:55,20.947,20:56:50,31.046,07:02:45,9,0,2,HDCZA,0,1,0,,0,0,0,0,0,0,5,0,0,0,0,0,0,0,0,0,0,0,5,5,5,0,0,10,0,10,0,,0,,,,,,2.207,,,,,,,,,,,,126.115,2.207,126.115,,,64.161,,,,64.161,0,54.203,0,0,0,0,0,0,0,0,6,0,0,0,0,0,5,0,0,0,0,0,0,0,0,0,0,0,6,5,6,0,0,0.9,0.8,0.8,30_20_10,10_5_1,10_5_1,3.3.4,2026-03-16,WD
2001.csv,2001.csv,Tuesday,2026-03-10,9,segment23,15:15:00-15:19:55,20.947,20:56:50,31.046,07:02:45,9,0,2,HDCZA,0,1,0,,0,0,0,0,0,0,3.083,0,0,0,0,0,0,0,0,0,0,0,1.917,3.083,1.917,0,0,5,0,5,0,,0,,,,,,4.751,,,,,,,,,,,,132.474,4.751,132.474,,,53.712,,,,53.712,0,0,0,0,0,0,0,0,0,0,2,0,0,0,0,0,3,0,0,0,0,0,0,0,0,0,0,0,2,3,2,0,0,0.9,0.8,0.8,30_20_10,10_5_1,10_5_1,3.3.4,2026-03-16,WD
2001.csv,2001.csv,Tuesday,2026-03-10,9,segment24,15:20:00-15:24:55,20.947,20:56:50,31.046,07:02:45,9,0,2,HDCZA,0,1,0,,0,0,0,0,0,0,2,0,0,0,0,0,0,0,0,0,0,0,3,2,3,0,0,5,0,5,0,,0,,,,,,0.95,,,,,,,,,,,,136.647,0.95,136.647,,,82.368,,,,82.368,0,113.447,0,0,0,0,0,0,0,0,3,0,0,0,0,0,2,0,0,0,0,0,0,0,0,0,0,0,3,2,3,0,0,0.9,0.8,0.8,30_20_10,10_5_1,10_5_1,3.3.4,2026-03-16,WD
2001.csv,2001.csv,Tuesday,2026-03-10,9,segment25,15:25:00-15:29:55,20.947,20:56:50,31.046,07:02:45,9,0,2,HDCZA,0,1,0,,0,0,0,0,0,0,3,0,0,0,0,0,0,0,0,0,0,0,2,3,2,0,0,5,0,5,0,,0,,,,,,3.364,,,,,,,,,,,,126.042,3.364,126.042,,,52.435,,,,52.435,0,0,0,0,0,0,0,0,0,0,3,0,0,0,0,0,3,0,0,0,0,0,0,0,0,0,0,0,3,3,3,0,0,0.9,0.8,0.8,30_20_10,10_5_1,10_5_1,3.3.4,2026-03-16,WD
2001.csv,2001.csv,Tuesday,2026-03-10,9,segment26,15:30:00-15:34:55,20.947,20:56:50,31.046,07:02:45,9,0,2,HDCZA,0,1,0,,0,0,0,0,0,0,2.083,0,0,0,0,0,0,0,0,0,0,0,2.917,2.083,2.917,0,0,5,0,5,0,,0,,,,,,1.696,,,,,,,,,,,,131.977,1.696,131.977,,,77.693,,,,77.693,0,103.024,0,0,0,0,0,0,0,0,3,0,0,0,0,0,3,0,0,0,0,0,0,0,0,0,0,0,3,3,3,0,0,0.9,0.8,0.8,30_20_10,10_5_1,10_5_1,3.3.4,2026-03-16,WD
2001.csv,2001.csv,Tuesday,2026-03-10,9,segment27,15:35:00-17:59:55,20.947,20:56:50,31.046,07:02:45,9,0,2,HDCZA,0,1,0,,0,0,0,0,0,0,72.417,0,0,0,0,0,0,0,0,0,0,0,72.583,72.417,72.417,0.167,0,145,0,145,0,,0,,,,,,1.762,,,,,,,,,,,,130.036,1.762,129.886,195.05,,65.973,,,,65.973,108.824,136.1,0,0,0,0,0,0,0,0,73,0,0,0,0,0,74,0,0,0,0,0,0,0,0,0,0,0,73,74,75,2,0,0.9,0.8,0.8,30_20_10,10_5_1,10_5_1,3.3.4,2026-03-16,WD
2001.csv,2001.csv,Tuesday,2026-03-10,9,segment7,10:15:00-10:19:55,20.947,20:56:50,31.046,07:02:45,9,0,2,HDCZA,0,1,0,,0,0,0,0,0,0,0,0,0,0,0,0,0,0,0,5,0,0,0,5,0,0,0,5,0,5,0,,0,,,,,,,,,,,,,,,14.577,,,,14.577,,,,14.577,,,,14.577,0,12.206,0,0,0,0,0,1,0,0,0,0,0,0,0,0,0,0,0,0,0,0,0,0,0,1,0,0,0,1,0,0,0,0.9,0.8,0.8,30_20_10,10_5_1,10_5_1,3.3.4,2026-03-16,WD
2001.csv,2001.csv,Tuesday,2026-03-10,9,segment8,10:20:00-10:24:55,20.947,20:56:50,31.046,07:02:45,9,0,2,HDCZA,0,1,0,,0,0,0,0,0,0,0,0,0,0,0,0,0,0,0,5,0,0,0,5,0,0,0,5,0,5,0,,0,,,,,,,,,,,,,,,12.97,,,,12.97,,,,12.97,,,,12.97,0,12.153,0,0,0,0,0,1,0,0,0,0,0,0,0,0,0,0,0,0,0,0,0,0,0,1,0,0,0,1,0,0,0,0.9,0.8,0.8,30_20_10,10_5_1,10_5_1,3.3.4,2026-03-16,WD
2001.csv,2001.csv,Tuesday,2026-03-10,9,segment9,10:25:00-10:29:55,20.947,20:56:50,31.046,07:02:45,9,0,2,HDCZA,0,1,0,,0,0,0,0,0,0,1.417,0.333,0,0,0,0,1.833,0,0,1.417,0,0,0,2.833,0.417,1.75,0,5,0,5,0,,0,,,,,,0,86.875,,,,,258.609,,,9.465,,,,4.732,107.74,261.819,,103.297,,,,103.297,0,24.359,0,0,2,0,0,1,0,0,0,0,0,0,0,0,2,4,0,0,0,0,2,0,0,1,0,0,0,3,5,3,0,0.9,0.8,0.8,30_20_10,10_5_1,10_5_1,3.3.4,2026-03-16,WD
2001.csv,2001.csv,Thursday,2026-03-12,11,segment12,12:00:00-12:04:55,20.947,20:56:50,31.046,07:02:45,11,0,2,HDCZA,0,1,0,,0,0,0,0,0,0,2.667,0,0,0,0,0,0,0,0,0,0,0,2.333,2.667,2.333,0,0,5,0,5,0,,0,,,,,,4.75,,,,,,,,,,,,123.854,4.75,123.854,,,60.332,,,,60.332,0,35.76,0,0,0,0,0,0,0,0,3,0,0,0,0,0,3,0,0,0,0,0,0,0,0,0,0,0,3,3,3,0,0,0.9,0.8,0.8,30_20_10,10_5_1,10_5_1,3.3.4,2026-03-16,WD
2001.csv,2001.csv,Thursday,2026-03-12,11,segment13,12:05:00-12:09:55,20.947,20:56:50,31.046,07:02:45,11,0,2,HDCZA,0,1,0,,0,0,0,0,0,0,2.5,0,0,0,0,0,0,0,0,0,0,0,2.5,2.5,2.5,0,0,5,0,5,0,,0,,,,,,2.44,,,,,,,,,,,,132.017,2.44,132.017,,,67.228,,,,67.228,0,60.484,0,0,0,0,0,0,0,0,3,0,0,0,0,0,3,0,0,0,0,0,0,0,0,0,0,0,3,3,3,0,0,0.9,0.8,0.8,30_20_10,10_5_1,10_5_1,3.3.4,2026-03-16,WD
2001.csv,2001.csv,Thursday,2026-03-12,11,segment14,12:10:00-12:14:55,20.947,20:56:50,31.046,07:02:45,11,0,2,HDCZA,0,1,0,,0,0,0,0,0,0,2.667,0,0,0,0,0,0,0,0,0,0,0,2.333,2.667,2.333,0,0,5,0,5,0,,0,,,,,,3.881,,,,,,,,,,,,131.6,3.881,131.6,,,63.483,,,,63.483,0,37.771,0,0,0,0,0,0,0,0,3,0,0,0,0,0,3,0,0,0,0,0,0,0,0,0,0,0,3,3,3,0,0,0.9,0.8,0.8,30_20_10,10_5_1,10_5_1,3.3.4,2026-03-16,WD
2001.csv,2001.csv,Thursday,2026-03-12,11,segment15,12:15:00-13:14:55,20.947,20:56:50,31.046,07:02:45,11,0,2,HDCZA,0,1,0,,0,0,0,0,0,0,30,0,0,0,0,0,0,0,0,0,0,0,30,30,29.917,0.083,0,60,0,60,0,,0,,,,,,1.948,,,,,,,,,,,,129.503,1.948,129.323,194.2,,65.725,,,,65.725,0,56.845,0,0,0,0,0,0,0,0,31,0,0,0,0,0,31,0,0,0,0,0,0,0,0,0,0,0,31,31,32,1,0,0.9,0.8,0.8,30_20_10,10_5_1,10_5_1,3.3.4,2026-03-16,WD
2001.csv,2001.csv,Thursday,2026-03-12,11,segment16,13:15:00-13:19:55,20.947,20:56:50,31.046,07:02:45,11,0,2,HDCZA,0,1,0,,0,0,0,0,0,0,2.167,0,0,0,0,0,0,0,0,0,0,0,2.833,2.167,2.833,0,0,5,0,5,0,,0,,,,,,1.012,,,,,,,,,,,,132.615,1.012,132.615,,,75.587,,,,75.587,0,111.947,0,0,0,0,0,0,0,0,3,0,0,0,0,0,3,0,0,0,0,0,0,0,0,0,0,0,3,3,3,0,0,0.9,0.8,0.8,30_20_10,10_5_1,10_5_1,3.3.4,2026-03-16,WD
2001.csv,2001.csv,Thursday,2026-03-12,11,segment17,13:20:00-13:24:55,20.947,20:56:50,31.046,07:02:45,11,0,2,HDCZA,0,1,0,,0,0,0,0,0,0,2.75,0,0,0,0,0,0,0,0,0,0,0,2.25,2.75,2.25,0,0,5,0,5,0,,0,,,,,,1.97,,,,,,,,,,,,125.215,1.97,125.215,,,57.43,,,,57.43,0,0,0,0,0,0,0,0,0,0,3,0,0,0,0,0,3,0,0,0,0,0,0,0,0,0,0,0,3,3,3,0,0,0.9,0.8,0.8,30_20_10,10_5_1,10_5_1,3.3.4,2026-03-16,WD
2001.csv,2001.csv,Thursday,2026-03-12,11,segment18,13:25:00-14:44:55,20.947,20:56:50,31.046,07:02:45,11,0,2,HDCZA,0,1,0,,0,0,0,0,0,0,39.25,0,0,0,0,0,0,0,0,0,0,0,40.75,39.25,40.75,0,0,80,0,80,0,,0,,,,,,1.409,,,,,,,,,,,,129.209,1.409,129.209,,,66.507,,,,66.507,0,115.938,0,0,0,0,0,0,0,0,41,0,0,0,0,0,40,0,0,0,0,0,0,0,0,0,0,0,41,40,41,0,0,0.9,0.8,0.8,30_20_10,10_5_1,10_5_1,3.3.4,2026-03-16,WD
2001.csv,2001.csv,Thursday,2026-03-12,11,segment19,14:45:00-14:49:55,20.947,20:56:50,31.046,07:02:45,11,0,2,HDCZA,0,1,0,,0,0,0,0,0,0,2.917,0,0,0,0,0,0,0,0,0,0,0,2.083,2.917,2.083,0,0,5,0,5,0,,0,,,,,,0.737,,,,,,,,,,,,131.236,0.737,131.236,,,55.112,,,,55.112,0,0,0,0,0,0,0,0,0,0,3,0,0,0,0,0,3,0,0,0,0,0,0,0,0,0,0,0,3,3,3,0,0,0.9,0.8,0.8,30_20_10,10_5_1,10_5_1,3.3.4,2026-03-16,WD
2001.csv,2001.csv,Thursday,2026-03-12,11,segment20,14:50:00-14:59:55,20.947,20:56:50,31.046,07:02:45,11,0,2,HDCZA,0,1,0,,0,0,0,0,0,0,5,0,0,0,0,0,0,0,0,0,0,0,5,5,5,0,0,10,0,10,0,,0,,,,,,1.777,,,,,,,,,,,,133.478,1.777,133.478,,,67.628,,,,67.628,0,63.762,0,0,0,0,0,0,0,0,5,0,0,0,0,0,6,0,0,0,0,0,0,0,0,0,0,0,5,6,5,0,0,0.9,0.8,0.8,30_20_10,10_5_1,10_5_1,3.3.4,2026-03-16,WD
2001.csv,2001.csv,Thursday,2026-03-12,11,segment21,15:00:00-15:04:55,20.947,20:56:50,31.046,07:02:45,11,0,2,HDCZA,0,1,0,,0,0,0,0,0,0,2.083,0,0,0,0,0,0,0,0,0,0,0,2.917,2.083,2.917,0,0,5,0,5,0,,0,,,,,,4.632,,,,,,,,,,,,127.637,4.632,127.637,,,76.385,,,,76.385,0,103.206,0,0,0,0,0,0,0,0,3,0,0,0,0,0,3,0,0,0,0,0,0,0,0,0,0,0,3,3,3,0,0,0.9,0.8,0.8,30_20_10,10_5_1,10_5_1,3.3.4,2026-03-16,WD
2001.csv,2001.csv,Thursday,2026-03-12,11,segment22,15:05:00-15:14:55,20.947,20:56:50,31.046,07:02:45,11,0,2,HDCZA,0,1,0,,0,0,0,0,0,0,5.083,0,0,0,0,0,0,0,0,0,0,0,4.917,5.083,4.917,0,0,10,0,10,0,,0,,,,,,2.497,,,,,,,,,,,,130.727,2.497,130.727,,,65.543,,,,65.543,0,49.355,0,0,0,0,0,0,0,0,5,0,0,0,0,0,6,0,0,0,0,0,0,0,0,0,0,0,5,6,5,0,0,0.9,0.8,0.8,30_20_10,10_5_1,10_5_1,3.3.4,2026-03-16,WD
2001.csv,2001.csv,Thursday,2026-03-12,11,segment23,15:15:00-15:19:55,20.947,20:56:50,31.046,07:02:45,11,0,2,HDCZA,0,1,0,,0,0,0,0,0,0,2.833,0,0,0,0,0,0,0,0,0,0,0,2.167,2.833,2.167,0,0,5,0,5,0,,0,,,,,,0.694,,,,,,,,,,,,130.319,0.694,130.319,,,56.865,,,,56.865,0,0,0,0,0,0,0,0,0,0,3,0,0,0,0,0,3,0,0,0,0,0,0,0,0,0,0,0,3,3,3,0,0,0.9,0.8,0.8,30_20_10,10_5_1,10_5_1,3.3.4,2026-03-16,WD
2001.csv,2001.csv,Thursday,2026-03-12,11,segment24,15:20:00-15:24:55,20.947,20:56:50,31.046,07:02:45,11,0,2,HDCZA,0,1,0,,0,0,0,0,0,0,2.25,0,0,0,0,0,0,0,0,0,0,0,2.75,2.25,2.75,0,0,5,0,5,0,,0,,,,,,4.344,,,,,,,,,,,,132.042,4.344,132.042,,,74.578,,,,74.578,0,95.342,0,0,0,0,0,0,0,0,3,0,0,0,0,0,3,0,0,0,0,0,0,0,0,0,0,0,3,3,3,0,0,0.9,0.8,0.8,30_20_10,10_5_1,10_5_1,3.3.4,2026-03-16,WD
2001.csv,2001.csv,Thursday,2026-03-12,11,segment25,15:25:00-15:29:55,20.947,20:56:50,31.046,07:02:45,11,0,2,HDCZA,0,1,0,,0,0,0,0,0,0,2.75,0,0,0,0,0,0,0,0,0,0,0,2.25,2.75,2.25,0,0,5,0,5,0,,0,,,,,,0.358,,,,,,,,,,,,135.996,0.358,135.996,,,61.395,,,,61.395,0,0,0,0,0,0,0,0,0,0,3,0,0,0,0,0,3,0,0,0,0,0,0,0,0,0,0,0,3,3,3,0,0,0.9,0.8,0.8,30_20_10,10_5_1,10_5_1,3.3.4,2026-03-16,WD
2001.csv,2001.csv,Thursday,2026-03-12,11,segment26,15:30:00-15:34:55,20.947,20:56:50,31.046,07:02:45,11,0,2,HDCZA,0,1,0,,0,0,0,0,0,0,2.167,0,0,0,0,0,0,0,0,0,0,0,2.833,2.167,2.833,0,0,5,0,5,0,,0,,,,,,0.8,,,,,,,,,,,,123.791,0.8,123.791,,,70.495,,,,70.495,0,90.794,0,0,0,0,0,0,0,0,3,0,0,0,0,0,3,0,0,0,0,0,0,0,0,0,0,0,3,3,3,0,0,0.9,0.8,0.8,30_20_10,10_5_1,10_5_1,3.3.4,2026-03-16,WD
2001.csv,2001.csv,Thursday,2026-03-12,11,segment27,15:35:00-17:59:55,20.947,20:56:50,31.046,07:02:45,11,0,2,HDCZA,0,1,0,,0,0,0,0,0,0,73.25,0,0,0,0,0,0,0,0,0,0,0,71.75,73.25,71.583,0.167,0,145,0,145,0,,0,,,,,,2.513,,,,,,,,,,,,130.502,2.513,130.358,192.5,,65.846,,,,65.846,106.783,136.6,0,0,0,0,0,0,0,0,73,0,0,0,0,0,74,0,0,0,0,0,0,0,0,0,0,0,73,74,75,2,0,0.9,0.8,0.8,30_20_10,10_5_1,10_5_1,3.3.4,2026-03-16,WD
2001.csv,2001.csv,Saturday,2026-03-14,13,segment10,10:30:00-10:34:55,20.947,20:56:50,31.046,07:02:45,13,0,2,HDCZA,0,1,0,,0,0,0,0,0,0,2.167,0,0,0,0,0,0,0,0,0,0,0,2.833,2.167,2.833,0,0,5,0,5,0,,0,,,,,,4.519,,,,,,,,,,,,91.732,4.519,91.732,,,53.94,,,,53.94,0,78.124,0,0,0,0,0,0,0,0,3,0,0,0,0,0,3,0,0,0,0,0,0,0,0,0,0,0,3,3,3,0,0,0.9,0.8,0.8,30_20_10,10_5_1,10_5_1,3.3.4,2026-03-16,WE
2001.csv,2001.csv,Saturday,2026-03-14,13,segment11,10:35:00-11:59:55,20.947,20:56:50,31.046,07:02:45,13,0,2,HDCZA,0,1,35.294,,35.294,0,0,0,0,0,42.083,6.25,2,0,0,0,0,0,0,0,0,0,34.667,42.333,40.667,2,0,85,0,85,0,,0,,,,,,4.71,115.164,217.021,,,,,,,,,,102.031,4.989,104.357,217.021,,57.519,,,,57.519,0,87.271,0,0,0,0,0,0,0,0,36,0,0,0,0,0,48,23,13,0,0,0,0,0,0,0,0,0,36,51,62,13,0,0.9,0.8,0.8,30_20_10,10_5_1,10_5_1,3.3.4,2026-03-16,WE
2001.csv,2001.csv,Saturday,2026-03-14,13,segment12,12:00:00-12:04:55,20.947,20:56:50,31.046,07:02:45,13,0,2,HDCZA,0,1,0,,0,0,0,0,0,0,2.833,0,0,0,0,0,0,0,0,0,0,0,2.167,2.833,2.167,0,0,5,0,5,0,,0,,,,,,4.185,,,,,,,,,,,,129.558,4.185,129.558,,,58.513,,,,58.513,0,0,0,0,0,0,0,0,0,0,3,0,0,0,0,0,3,0,0,0,0,0,0,0,0,0,0,0,3,3,3,0,0,0.9,0.8,0.8,30_20_10,10_5_1,10_5_1,3.3.4,2026-03-16,WE
2001.csv,2001.csv,Saturday,2026-03-14,13,segment13,12:05:00-12:09:55,20.947,20:56:50,31.046,07:02:45,13,0,2,HDCZA,0,1,0,,0,0,0,0,0,0,2.25,0,0,0,0,0,0,0,0,0,0,0,2.75,2.25,2.75,0,0,5,0,5,0,,0,,,,,,3.459,,,,,,,,,,,,133.352,3.459,133.352,,,74.9,,,,74.9,0,107.124,0,0,0,0,0,0,0,0,3,0,0,0,0,0,3,0,0,0,0,0,0,0,0,0,0,0,3,3,3,0,0,0.9,0.8,0.8,30_20_10,10_5_1,10_5_1,3.3.4,2026-03-16,WE
2001.csv,2001.csv,Saturday,2026-03-14,13,segment14,12:10:00-12:14:55,20.947,20:56:50,31.046,07:02:45,13,0,2,HDCZA,0,1,0,,0,0,0,0,0,0,2.833,0,0,0,0,0,0,0,0,0,0,0,2.167,2.833,2.167,0,0,5,0,5,0,,0,,,,,,1.526,,,,,,,,,,,,132.219,1.526,132.219,,,58.16,,,,58.16,0,0,0,0,0,0,0,0,0,0,3,0,0,0,0,0,3,0,0,0,0,0,0,0,0,0,0,0,3,3,3,0,0,0.9,0.8,0.8,30_20_10,10_5_1,10_5_1,3.3.4,2026-03-16,WE
2001.csv,2001.csv,Saturday,2026-03-14,13,segment15,12:15:00-13:14:55,20.947,20:56:50,31.046,07:02:45,13,0,2,HDCZA,0,1,0,,0,0,0,0,0,0,29.833,0,0,0,0,0,0,0,0,0,0,0,30.167,29.833,30.167,0,0,60,0,60,0,,0,,,,,,1.993,,,,,,,,,,,,129.24,1.993,129.24,,,65.97,,,,65.97,0,59.245,0,0,0,0,0,0,0,0,31,0,0,0,0,0,31,0,0,0,0,0,0,0,0,0,0,0,31,31,31,0,0,0.9,0.8,0.8,30_20_10,10_5_1,10_5_1,3.3.4,2026-03-16,WE
2001.csv,2001.csv,Saturday,2026-03-14,13,segment16,13:15:00-13:19:55,20.947,20:56:50,31.046,07:02:45,13,0,2,HDCZA,0,1,0,,0,0,0,0,0,0,2.25,0,0,0,0,0,0,0,0,0,0,0,2.75,2.25,2.75,0,0,5,0,5,0,,0,,,,,,0.633,,,,,,,,,,,,131.412,0.633,131.412,,,72.562,,,,72.562,0,93.983,0,0,0,0,0,0,0,0,3,0,0,0,0,0,3,0,0,0,0,0,0,0,0,0,0,0,3,3,3,0,0,0.9,0.8,0.8,30_20_10,10_5_1,10_5_1,3.3.4,2026-03-16,WE
2001.csv,2001.csv,Saturday,2026-03-14,13,segment17,13:20:00-13:24:55,20.947,20:56:50,31.046,07:02:45,13,0,2,HDCZA,0,1,0,,0,0,0,0,0,0,2.583,0,0,0,0,0,0,0,0,0,0,0,2.417,2.583,2.417,0,0,5,0,5,0,,0,,,,,,0.813,,,,,,,,,,,,137.962,0.813,137.962,,,67.102,,,,67.102,0,13.343,0,0,0,0,0,0,0,0,3,0,0,0,0,0,3,0,0,0,0,0,0,0,0,0,0,0,3,3,3,0,0,0.9,0.8,0.8,30_20_10,10_5_1,10_5_1,3.3.4,2026-03-16,WE
2001.csv,2001.csv,Saturday,2026-03-14,13,segment18,13:25:00-14:44:55,20.947,20:56:50,31.046,07:02:45,13,0,2,HDCZA,0,1,0,,0,0,0,0,0,0,39.417,0,0.083,0,0,0,0,0,0,0,0,0,40.5,39.417,40.5,0.083,0,80,0,80,0,,0,,,,,,1.661,,193.8,,,,,,,,,,130.703,1.661,130.703,193.8,,67.189,,,,67.189,0,117.338,0,0,0,0,0,0,0,0,41,0,0,0,0,0,41,0,1,0,0,0,0,0,0,0,0,0,41,41,41,1,0,0.9,0.8,0.8,30_20_10,10_5_1,10_5_1,3.3.4,2026-03-16,WE
2001.csv,2001.csv,Saturday,2026-03-14,13,segment19,14:45:00-14:49:55,20.947,20:56:50,31.046,07:02:45,13,0,2,HDCZA,0,1,0,,0,0,0,0,0,0,2.917,0,0,0,0,0,0,0,0,0,0,0,2.083,2.917,2.083,0,0,5,0,5,0,,0,,,,,,3.457,,,,,,,,,,,,130.532,3.457,130.532,,,56.405,,,,56.405,0,0,0,0,0,0,0,0,0,0,3,0,0,0,0,0,3,0,0,0,0,0,0,0,0,0,0,0,3,3,3,0,0,0.9,0.8,0.8,30_20_10,10_5_1,10_5_1,3.3.4,2026-03-16,WE
2001.csv,2001.csv,Saturday,2026-03-14,13,segment20,14:50:00-14:59:55,20.947,20:56:50,31.046,07:02:45,13,0,2,HDCZA,0,1,0,,0,0,0,0,0,0,5,0,0,0,0,0,0,0,0,0,0,0,5,5,5,0,0,10,0,10,0,,0,,,,,,2.86,,,,,,,,,,,,128.743,2.86,128.743,,,65.802,,,,65.802,0,61.578,0,0,0,0,0,0,0,0,6,0,0,0,0,0,5,0,0,0,0,0,0,0,0,0,0,0,6,5,6,0,0,0.9,0.8,0.8,30_20_10,10_5_1,10_5_1,3.3.4,2026-03-16,WE
2001.csv,2001.csv,Saturday,2026-03-14,13,segment21,15:00:00-15:04:55,20.947,20:56:50,31.046,07:02:45,13,0,2,HDCZA,0,1,0,,0,0,0,0,0,0,2.25,0,0,0,0,0,0,0,0,0,0,0,2.75,2.25,2.667,0.083,0,5,0,5,0,,0,,,,,,1.478,,,,,,,,,,,,133.333,1.478,131.309,198.1,,73.998,,,,73.998,0,104.101,0,0,0,0,0,0,0,0,3,0,0,0,0,0,3,0,0,0,0,0,0,0,0,0,0,0,3,3,4,1,0,0.9,0.8,0.8,30_20_10,10_5_1,10_5_1,3.3.4,2026-03-16,WE
2001.csv,2001.csv,Saturday,2026-03-14,13,segment22,15:05:00-15:14:55,20.947,20:56:50,31.046,07:02:45,13,0,2,HDCZA,0,1,0,,0,0,0,0,0,0,5.083,0,0,0,0,0,0,0,0,0,0,0,4.917,5.083,4.917,0,0,10,0,10,0,,0,,,,,,2.293,,,,,,,,,,,,125.153,2.293,125.153,,,62.699,,,,62.699,0,46.385,0,0,0,0,0,0,0,0,5,0,0,0,0,0,6,0,0,0,0,0,0,0,0,0,0,0,5,6,5,0,0,0.9,0.8,0.8,30_20_10,10_5_1,10_5_1,3.3.4,2026-03-16,WE
2001.csv,2001.csv,Saturday,2026-03-14,13,segment23,15:15:00-15:19:55,20.947,20:56:50,31.046,07:02:45,13,0,2,HDCZA,0,1,0,,0,0,0,0,0,0,2.667,0,0,0,0,0,0,0,0,0,0,0,2.333,2.667,2.333,0,0,5,0,5,0,,0,,,,,,4.022,,,,,,,,,,,,133.079,4.022,133.079,,,64.248,,,,64.248,0,37.318,0,0,0,0,0,0,0,0,3,0,0,0,0,0,3,0,0,0,0,0,0,0,0,0,0,0,3,3,3,0,0,0.9,0.8,0.8,30_20_10,10_5_1,10_5_1,3.3.4,2026-03-16,WE
2001.csv,2001.csv,Saturday,2026-03-14,13,segment24,15:20:00-15:24:55,20.947,20:56:50,31.046,07:02:45,13,0,2,HDCZA,0,1,0,,0,0,0,0,0,0,2.417,0,0,0,0,0,0,0,0,0,0,0,2.583,2.417,2.583,0,0,5,0,5,0,,0,,,,,,0.748,,,,,,,,,,,,127.677,0.748,127.677,,,66.328,,,,66.328,0,78.231,0,0,0,0,0,0,0,0,3,0,0,0,0,0,3,0,0,0,0,0,0,0,0,0,0,0,3,3,3,0,0,0.9,0.8,0.8,30_20_10,10_5_1,10_5_1,3.3.4,2026-03-16,WE
2001.csv,2001.csv,Saturday,2026-03-14,13,segment25,15:25:00-15:29:55,20.947,20:56:50,31.046,07:02:45,13,0,2,HDCZA,0,1,0,,0,0,0,0,0,0,2.667,0,0,0,0,0,0,0,0,0,0,0,2.333,2.667,2.333,0,0,5,0,5,0,,0,,,,,,5.425,,,,,,,,,,,,135.568,5.425,135.568,,,66.158,,,,66.158,0,43.206,0,0,0,0,0,0,0,0,3,0,0,0,0,0,3,0,0,0,0,0,0,0,0,0,0,0,3,3,3,0,0,0.9,0.8,0.8,30_20_10,10_5_1,10_5_1,3.3.4,2026-03-16,WE
2001.csv,2001.csv,Saturday,2026-03-14,13,segment26,15:30:00-15:34:55,20.947,20:56:50,31.046,07:02:45,13,0,2,HDCZA,0,1,0,,0,0,0,0,0,0,2.5,0,0,0,0,0,0,0,0,0,0,0,2.5,2.5,2.5,0,0,5,0,5,0,,0,,,,,,1.42,,,,,,,,,,,,125.447,1.42,125.447,,,63.433,,,,63.433,0,63.885,0,0,0,0,0,0,0,0,3,0,0,0,0,0,3,0,0,0,0,0,0,0,0,0,0,0,3,3,3,0,0,0.9,0.8,0.8,30_20_10,10_5_1,10_5_1,3.3.4,2026-03-16,WE
2001.csv,2001.csv,Saturday,2026-03-14,13,segment27,15:35:00-17:59:55,20.947,20:56:50,31.046,07:02:45,13,0,2,HDCZA,0,1,0,,0,0,0,0,0,0,72.167,0,0,0,0,0,0,0,0,0,0,0,72.833,72.167,72.5,0.333,0,145,0,145,0,,0,,,,,,1.713,,,,,,,,,,,,129.695,1.713,129.401,193.825,,65.999,,,,65.999,107,136.521,0,0,0,0,0,0,0,0,73,0,0,0,0,0,74,0,0,0,0,0,0,0,0,0,0,0,73,74,77,4,0,0.9,0.8,0.8,30_20_10,10_5_1,10_5_1,3.3.4,2026-03-16,WE
2001.csv,2001.csv,Saturday,2026-03-14,13,segment3,08:30:00-08:39:55,20.947,20:56:50,31.046,07:02:45,13,0,2,HDCZA,0,1,0,,0,0,0,0,0,0,5.167,0,0,0,0,0,0,0,0,0,0,0,4.833,5.167,4.833,0,0,10,0,10,0,,0,,,,,,3.39,,,,,,,,,,,,94.993,3.39,94.993,,,47.665,,,,47.665,0,42.424,0,0,0,0,0,0,0,0,5,0,0,0,0,0,5,0,0,0,0,0,0,0,0,0,0,0,5,5,5,0,0,0.9,0.8,0.8,30_20_10,10_5_1,10_5_1,3.3.4,2026-03-16,WE
2001.csv,2001.csv,Saturday,2026-03-14,13,segment4,08:40:00-08:44:55,20.947,20:56:50,31.046,07:02:45,13,0,2,HDCZA,0,1,0,,0,0,0,0,0,0,3,0,0,0,0,0,0,0,0,0,0,0,2,3,2,0,0,5,0,5,0,,0,,,,,,1.992,,,,,,,,,,,,96.112,1.992,96.112,,,39.64,,,,39.64,0,0,0,0,0,0,0,0,0,0,3,0,0,0,0,0,3,0,0,0,0,0,0,0,0,0,0,0,3,3,3,0,0,0.9,0.8,0.8,30_20_10,10_5_1,10_5_1,3.3.4,2026-03-16,WE
2001.csv,2001.csv,Saturday,2026-03-14,13,segment5,08:45:00-10:09:55,20.947,20:56:50,31.046,07:02:45,13,0,2,HDCZA,0,1,0,,0,0,0,0,0,0,43.5,0,0,0,0,0,0,0,0,0,0,0,41.5,43.5,41.5,0,0,85,0,85,0,,0,,,,,,2.503,,,,,,,,,,,,95.674,2.503,95.674,,,47.992,,,,47.992,0,88.6,0,0,0,0,0,0,0,0,43,0,0,0,0,0,43,0,0,0,0,0,0,0,0,0,0,0,43,43,43,0,0,0.9,0.8,0.8,30_20_10,10_5_1,10_5_1,3.3.4,2026-03-16,WE
2001.csv,2001.csv,Saturday,2026-03-14,13,segment6,10:10:00-10:14:55,20.947,20:56:50,31.046,07:02:45,13,0,2,HDCZA,0,1,0,,0,0,0,0,0,0,2.333,0,0,0,0,0,0,0,0,0,0,0,2.667,2.333,2.667,0,0,5,0,5,0,,0,,,,,,5.636,,,,,,,,,,,,96.269,5.636,96.269,,,53.973,,,,53.973,0,74.594,0,0,0,0,0,0,0,0,3,0,0,0,0,0,3,0,0,0,0,0,0,0,0,0,0,0,3,3,3,0,0,0.9,0.8,0.8,30_20_10,10_5_1,10_5_1,3.3.4,2026-03-16,WE
2001.csv,2001.csv,Saturday,2026-03-14,13,segment7,10:15:00-10:19:55,20.947,20:56:50,31.046,07:02:45,13,0,2,HDCZA,0,1,0,,0,0,0,0,0,0,2.833,0,0,0,0,0,0,0,0,0,0,0,2.167,2.833,2.167,0,0,5,0,5,0,,0,,,,,,0.518,,,,,,,,,,,,101.008,0.518,101.008,,,44.063,,,,44.063,0,0,0,0,0,0,0,0,0,0,3,0,0,0,0,0,3,0,0,0,0,0,0,0,0,0,0,0,3,3,3,0,0,0.9,0.8,0.8,30_20_10,10_5_1,10_5_1,3.3.4,2026-03-16,WE
2001.csv,2001.csv,Saturday,2026-03-14,13,segment8,10:20:00-10:24:55,20.947,20:56:50,31.046,07:02:45,13,0,2,HDCZA,0,1,0,,0,0,0,0,0,0,2.083,0,0,0,0,0,0,0,0,0,0,0,2.917,2.083,2.917,0,0,5,0,5,0,,0,,,,,,2.732,,,,,,,,,,,,94.177,2.732,94.177,,,56.075,,,,56.075,0,81.065,0,0,0,0,0,0,0,0,3,0,0,0,0,0,3,0,0,0,0,0,0,0,0,0,0,0,3,3,3,0,0,0.9,0.8,0.8,30_20_10,10_5_1,10_5_1,3.3.4,2026-03-16,WE
2001.csv,2001.csv,Saturday,2026-03-14,13,segment9,10:25:00-10:29:55,20.947,20:56:50,31.046,07:02:45,13,0,2,HDCZA,0,1,0,,0,0,0,0,0,0,3,0,0,0,0,0,0,0,0,0,0,0,2,3,2,0,0,5,0,5,0,,0,,,,,,1.778,,,,,,,,,,,,96.562,1.778,96.562,,,39.692,,,,39.692,0,0,0,0,0,0,0,0,0,0,3,0,0,0,0,0,3,0,0,0,0,0,0,0,0,0,0,0,3,3,3,0,0,0.9,0.8,0.8,30_20_10,10_5_1,10_5_1,3.3.4,2026-03-16,WE
3002.csv,3002.csv,Friday,2026-01-23,5,segment10,10:30:00-10:34:55,12.001,12:00:05,12.499,12:29:55,5,0,2,HDCZA,0,1,0,,0,0,0,0,0,0,2.917,0,0,0,0,0,0,0,0,0,0,0,2.083,2.917,2.083,0,0,5,0,5,0,,0,,,,,,2.077,,,,,,,,,,,,108.1,2.077,108.1,,,46.253,,,,46.253,0,0,0,0,0,0,0,0,0,0,3,0,0,0,0,0,3,0,0,0,0,0,0,0,0,0,0,0,3,3,3,0,0,0.9,0.8,0.8,30_20_10,10_5_1,10_5_1,3.3.4,2026-01-29,WD
3002.csv,3002.csv,Friday,2026-01-23,5,segment11,10:35:00-11:59:55,12.001,12:00:05,12.499,12:29:55,5,0,2,HDCZA,0,1,0,,0,0,0,0,0,0,43.25,0,0,0,0,0,0,0,0,0,0,0,41.75,43.25,41.75,0,0,85,0,85,0,,0,,,,,,2.64,,,,,,,,,,,,109.842,2.64,109.842,,,55.295,,,,55.295,0,98.271,0,0,0,0,0,0,0,0,43,0,0,0,0,0,43,0,0,0,0,0,0,0,0,0,0,0,43,43,43,0,0,0.9,0.8,0.8,30_20_10,10_5_1,10_5_1,3.3.4,2026-01-29,WD
3002.csv,3002.csv,Friday,2026-01-23,5,segment2,07:00:00-08:29:55,12.001,12:00:05,12.499,12:29:55,5,0,2,HDCZA,0,1,0,,0,0,0,0,0,0,45.667,0,0,0,0,0,0,0,0,0,0,0,44.333,45.667,44.333,0,0,90,0,90,0,,0,,,,,,2.249,,,,,,,,,,,,109.186,2.249,109.186,,,54.925,,,,54.925,0,100.667,0,0,0,0,0,0,0,0,46,0,0,0,0,0,46,0,0,0,0,0,0,0,0,0,0,0,46,46,46,0,0,0.9,0.8,0.8,30_20_10,10_5_1,10_5_1,3.3.4,2026-01-29,WD
3002.csv,3002.csv,Friday,2026-01-23,5,segment3,08:30:00-08:39:55,12.001,12:00:05,12.499,12:29:55,5,0,2,HDCZA,0,1,0,,0,0,0,0,0,0,5.083,0,0,0,0,0,0,0,0,0,0,0,4.917,5.083,4.917,0,0,10,0,10,0,,0,,,,,,2.446,,,,,,,,,,,,112.947,2.446,112.947,,,56.776,,,,56.776,0,34.589,0,0,0,0,0,0,0,0,6,0,0,0,0,0,5,0,0,0,0,0,0,0,0,0,0,0,6,5,6,0,0,0.9,0.8,0.8,30_20_10,10_5_1,10_5_1,3.3.4,2026-01-29,WD
3002.csv,3002.csv,Friday,2026-01-23,5,segment4,08:40:00-08:44:55,12.001,12:00:05,12.499,12:29:55,5,0,2,HDCZA,0,1,0,,0,0,0,0,0,0,2.167,0,0,0,0,0,0,0,0,0,0,0,2.833,2.167,2.833,0,0,5,0,5,0,,0,,,,,,2.758,,,,,,,,,,,,104.803,2.758,104.803,,,60.583,,,,60.583,0,82.224,0,0,0,0,0,0,0,0,3,0,0,0,0,0,3,0,0,0,0,0,0,0,0,0,0,0,3,3,3,0,0,0.9,0.8,0.8,30_20_10,10_5_1,10_5_1,3.3.4,2026-01-29,WD
3002.csv,3002.csv,Friday,2026-01-23,5,segment5,08:45:00-10:09:55,12.001,12:00:05,12.499,12:29:55,5,0,2,HDCZA,0,1,0,,0,0,0,0,0,0,42.917,0,0,0,0,0,0,0,0,0,0,0,42.083,42.917,42.083,0,0,85,0,85,0,,0,,,,,,2.036,,,,,,,,,,,,108.289,2.036,108.289,,,54.641,,,,54.641,0,98.635,0,0,0,0,0,0,0,0,43,0,0,0,0,0,43,0,0,0,0,0,0,0,0,0,0,0,43,43,43,0,0,0.9,0.8,0.8,30_20_10,10_5_1,10_5_1,3.3.4,2026-01-29,WD
3002.csv,3002.csv,Friday,2026-01-23,5,segment6,10:10:00-10:14:55,12.001,12:00:05,12.499,12:29:55,5,0,2,HDCZA,0,1,0,,0,0,0,0,0,0,3,0,0,0,0,0,0,0,0,0,0,0,2,3,2,0,0,5,0,5,0,,0,,,,,,3.172,,,,,,,,,,,,112.458,3.172,112.458,,,46.887,,,,46.887,0,0,0,0,0,0,0,0,0,0,3,0,0,0,0,0,3,0,0,0,0,0,0,0,0,0,0,0,3,3,3,0,0,0.9,0.8,0.8,30_20_10,10_5_1,10_5_1,3.3.4,2026-01-29,WD
3002.csv,3002.csv,Friday,2026-01-23,5,segment7,10:15:00-10:19:55,12.001,12:00:05,12.499,12:29:55,5,0,2,HDCZA,0,1,0,,0,0,0,0,0,0,2,0,0,0,0,0,0,0,0,0,0,0,3,2,3,0,0,5,0,5,0,,0,,,,,,0.537,,,,,,,,,,,,105.661,0.537,105.661,,,63.612,,,,63.612,0,89.235,0,0,0,0,0,0,0,0,3,0,0,0,0,0,2,0,0,0,0,0,0,0,0,0,0,0,3,2,3,0,0,0.9,0.8,0.8,30_20_10,10_5_1,10_5_1,3.3.4,2026-01-29,WD
3002.csv,3002.csv,Friday,2026-01-23,5,segment8,10:20:00-10:24:55,12.001,12:00:05,12.499,12:29:55,5,0,2,HDCZA,0,1,0,,0,0,0,0,0,0,2.917,0,0,0,0,0,0,0,0,0,0,0,2.083,2.917,2.083,0,0,5,0,5,0,,0,,,,,,1.557,,,,,,,,,,,,107.644,1.557,107.644,,,45.76,,,,45.76,0,0,0,0,0,0,0,0,0,0,3,0,0,0,0,0,3,0,0,0,0,0,0,0,0,0,0,0,3,3,3,0,0,0.9,0.8,0.8,30_20_10,10_5_1,10_5_1,3.3.4,2026-01-29,WD
3002.csv,3002.csv,Friday,2026-01-23,5,segment9,10:25:00-10:29:55,12.001,12:00:05,12.499,12:29:55,5,0,2,HDCZA,0,1,0,,0,0,0,0,0,0,2.083,0,0,0,0,0,0,0,0,0,0,0,2.917,2.083,2.917,0,0,5,0,5,0,,0,,,,,,0.892,,,,,,,,,,,,106.306,0.892,106.306,,,62.383,,,,62.383,0,80.324,0,0,0,0,0,0,0,0,3,0,0,0,0,0,3,0,0,0,0,0,0,0,0,0,0,0,3,3,3,0,0,0.9,0.8,0.8,30_20_10,10_5_1,10_5_1,3.3.4,2026-01-29,WD
3002.csv,3002.csv,Saturday,2026-01-24,6,segment28,18:00:00-23:59:55,12.443,12:26:35,14.549,14:32:55,6,0,2,HDCZA,0,1,33.333,,33.333,0,0,0,0,0,185.917,0.25,0,0,0,0,0,0,0,0,0,0,173.833,185.917,174.083,0,0,360,0,360,0,,0,,,,,,2.711,92.333,,,,,,,,,,,108.829,2.711,108.806,,,54.015,,,,54.015,117.6,128.108,0,0,0,0,0,0,0,0,178,0,0,0,0,0,180,1,0,0,0,0,0,0,0,0,0,0,178,180,179,0,0,0.9,0.8,0.8,30_20_10,10_5_1,10_5_1,3.3.4,2026-01-29,WE
4001.csv,4001.csv,Wednesday,2026-02-04,1,segment27,15:35:00-17:59:55,,"",,"",1,0,2,HDCZA,0,1,0,,0,0,29.75,30.25,0,0,0,0,0,0,0,0,0,0,0,0,0,0,0,0,0,0,0,60,0,60,0,,0,,1.837,123.973,,,,,,,,,,,,,,,,,,,,63.414,,,,63.414,0,61.531,0,0,0,0,0,0,0,0,0,0,30,31,0,0,0,0,0,0,0,0,0,0,0,0,0,0,0,0,0,0,0,0.9,0.8,0.8,30_20_10,10_5_1,10_5_1,3.3.4,2026-02-18,WD
4001.csv,4001.csv,Wednesday,2026-02-04,1,segment28,18:00:00-23:59:55,,"",,"",1,0,2,HDCZA,0,1,50,,50,60.083,210.917,89,0,0,0,0,0,0,0,0,0,0,0,0,0,0,0,0,0,0,0,360,0,360,0,,0,0.008,0.938,124.473,,,,,,,,,,,,,,,,,,,,31.323,,,,31.323,114.017,135.408,0,0,0,0,0,0,0,0,0,2,91,90,0,0,0,0,0,0,0,0,0,0,0,0,0,0,0,0,0,0,0,0.9,0.8,0.8,30_20_10,10_5_1,10_5_1,3.3.4,2026-02-18,WD
4001.csv,4001.csv,Thursday,2026-02-12,9,segment12,12:00:00-12:04:55,20.944,20:56:40,36,12:00:00,9,0,2,HDCZA,0,1,0,,0,0,0,0,0,0,2.333,0.667,0,0,0,0,0,0,0,0,0,0,2,2.333,2.667,0,0,5,0,5,0,,0,,,,,,0.971,94.938,,,,,,,,,,,91.533,0.971,92.384,,,49.725,,,,49.725,0,68.571,0,0,0,0,0,0,0,0,2,0,0,0,0,0,3,1,0,0,0,0,0,0,0,0,0,0,2,3,3,0,0,0.9,0.8,0.8,30_20_10,10_5_1,10_5_1,3.3.4,2026-02-18,WD
4001.csv,4001.csv,Thursday,2026-02-12,9,segment13,12:05:00-12:09:55,20.944,20:56:40,36,12:00:00,9,0,2,HDCZA,0,1,0,,0,0,0,0,0,0,2.75,0,0,0,0,0,0,0,0,0,0,0,2.25,2.75,2.25,0,0,5,0,5,0,,0,,,,,,3.982,,,,,,,,,,,,90.522,3.982,90.522,,,42.925,,,,42.925,0,24.313,0,0,0,0,0,0,0,0,3,0,0,0,0,0,3,0,0,0,0,0,0,0,0,0,0,0,3,3,3,0,0,0.9,0.8,0.8,30_20_10,10_5_1,10_5_1,3.3.4,2026-02-18,WD
4001.csv,4001.csv,Thursday,2026-02-12,9,segment14,12:10:00-12:14:55,20.944,20:56:40,36,12:00:00,9,0,2,HDCZA,0,1,0,,0,0,0,0,0,0,2.583,0,0,0,0,0,0,0,0,0,0,0,2.417,2.583,2.417,0,0,5,0,5,0,,0,,,,,,3.848,,,,,,,,,,,,93.686,3.848,93.686,,,47.27,,,,47.27,0,52.494,0,0,0,0,0,0,0,0,3,0,0,0,0,0,3,0,0,0,0,0,0,0,0,0,0,0,3,3,3,0,0,0.9,0.8,0.8,30_20_10,10_5_1,10_5_1,3.3.4,2026-02-18,WD
4001.csv,4001.csv,Thursday,2026-02-12,9,segment15,12:15:00-13:14:55,20.944,20:56:40,36,12:00:00,9,0,2,HDCZA,0,1,0,,0,0,0,0,0,0,30.333,0,0,0,0,0,0,0,0,0,0,0,29.667,30.333,29.667,0,0,60,0,60,0,,0,,,,,,1.992,,,,,,,,,,,,119.561,1.992,119.561,,,60.123,,,,60.123,0,49.761,0,0,0,0,0,0,0,0,30,0,0,0,0,0,31,0,0,0,0,0,0,0,0,0,0,0,30,31,30,0,0,0.9,0.8,0.8,30_20_10,10_5_1,10_5_1,3.3.4,2026-02-18,WD
4001.csv,4001.csv,Thursday,2026-02-12,9,segment16,13:15:00-13:19:55,20.944,20:56:40,36,12:00:00,9,0,2,HDCZA,0,1,0,,0,0,0,0,0,0,2,0,0,0,0,0,0,0,0,0,0,0,3,2,3,0,0,5,0,5,0,,0,,,,,,3.033,,,,,,,,,,,,127.725,3.033,127.725,,,77.848,,,,77.848,0,114.8,0,0,0,0,0,0,0,0,3,0,0,0,0,0,3,0,0,0,0,0,0,0,0,0,0,0,3,3,3,0,0,0.9,0.8,0.8,30_20_10,10_5_1,10_5_1,3.3.4,2026-02-18,WD
4001.csv,4001.csv,Thursday,2026-02-12,9,segment17,13:20:00-13:24:55,20.944,20:56:40,36,12:00:00,9,0,2,HDCZA,0,1,0,,0,0,0,0,0,0,3,0,0,0,0,0,0,0,0,0,0,0,2,3,2,0,0,5,0,5,0,,0,,,,,,1.944,,,,,,,,,,,,122.679,1.944,122.679,,,50.238,,,,50.238,0,0,0,0,0,0,0,0,0,0,2,0,0,0,0,0,3,0,0,0,0,0,0,0,0,0,0,0,2,3,2,0,0,0.9,0.8,0.8,30_20_10,10_5_1,10_5_1,3.3.4,2026-02-18,WD
4001.csv,4001.csv,Thursday,2026-02-12,9,segment18,13:25:00-14:44:55,20.944,20:56:40,36,12:00:00,9,0,2,HDCZA,0,1,0,,0,0,0,0,0,0,39.667,0,0,0,0,0,0,0,0,0,0,0,40.333,39.667,40.333,0,0,80,0,80,0,,0,,,,,,1.909,,,,,,,,,,,,125.502,1.909,125.502,,,64.221,,,,64.221,0,109.238,0,0,0,0,0,0,0,0,41,0,0,0,0,0,40,0,0,0,0,0,0,0,0,0,0,0,41,40,41,0,0,0.9,0.8,0.8,30_20_10,10_5_1,10_5_1,3.3.4,2026-02-18,WD
4001.csv,4001.csv,Thursday,2026-02-12,9,segment19,14:45:00-14:49:55,20.944,20:56:40,36,12:00:00,9,0,2,HDCZA,0,1,0,,0,0,0,0,0,0,2.667,0,0,0,0,0,0,0,0,0,0,0,2.333,2.667,2.333,0,0,5,0,5,0,,0,,,,,,1.744,,,,,,,,,,,,114.704,1.744,114.704,,,54.458,,,,54.458,0,8.895,0,0,0,0,0,0,0,0,3,0,0,0,0,0,3,0,0,0,0,0,0,0,0,0,0,0,3,3,3,0,0,0.9,0.8,0.8,30_20_10,10_5_1,10_5_1,3.3.4,2026-02-18,WD
4001.csv,4001.csv,Thursday,2026-02-12,9,segment20,14:50:00-14:59:55,20.944,20:56:40,36,12:00:00,9,0,2,HDCZA,0,1,0,,0,0,0,0,0,0,5.083,0,0,0,0,0,0,0,0,0,0,0,4.917,5.083,4.917,0,0,10,0,10,0,,0,,,,,,2.08,,,,,,,,,,,,123.875,2.08,123.875,,,61.962,,,,61.962,0,42.436,0,0,0,0,0,0,0,0,5,0,0,0,0,0,6,0,0,0,0,0,0,0,0,0,0,0,5,6,5,0,0,0.9,0.8,0.8,30_20_10,10_5_1,10_5_1,3.3.4,2026-02-18,WD
4001.csv,4001.csv,Thursday,2026-02-12,9,segment21,15:00:00-15:04:55,20.944,20:56:40,36,12:00:00,9,0,2,HDCZA,0,1,0,,0,0,0,0,0,0,2.167,0,0,0,0,0,0,0,0,0,0,0,2.833,2.167,2.833,0,0,5,0,5,0,,0,,,,,,1.442,,,,,,,,,,,,127.909,1.442,127.909,,,73.107,,,,73.107,0,109.159,0,0,0,0,0,0,0,0,3,0,0,0,0,0,3,0,0,0,0,0,0,0,0,0,0,0,3,3,3,0,0,0.9,0.8,0.8,30_20_10,10_5_1,10_5_1,3.3.4,2026-02-18,WD
4001.csv,4001.csv,Thursday,2026-02-12,9,segment22,15:05:00-15:14:55,20.944,20:56:40,36,12:00:00,9,0,2,HDCZA,0,1,0,,0,0,0,0,0,0,5,0,0,0,0,0,0,0,0,0,0,0,5,5,5,0,0,10,0,10,0,,0,,,,,,2.462,,,,,,,,,,,,124.787,2.462,124.787,,,63.624,,,,63.624,0,67.224,0,0,0,0,0,0,0,0,6,0,0,0,0,0,5,0,0,0,0,0,0,0,0,0,0,0,6,5,6,0,0,0.9,0.8,0.8,30_20_10,10_5_1,10_5_1,3.3.4,2026-02-18,WD
4001.csv,4001.csv,Thursday,2026-02-12,9,segment23,15:15:00-15:19:55,20.944,20:56:40,36,12:00:00,9,0,2,HDCZA,0,1,0,,0,0,0,0,0,0,3,0,0,0,0,0,0,0,0,0,0,0,2,3,2,0,0,5,0,5,0,,0,,,,,,3.733,,,,,,,,,,,,120.838,3.733,120.838,,,50.575,,,,50.575,0,0,0,0,0,0,0,0,0,0,3,0,0,0,0,0,3,0,0,0,0,0,0,0,0,0,0,0,3,3,3,0,0,0.9,0.8,0.8,30_20_10,10_5_1,10_5_1,3.3.4,2026-02-18,WD
4001.csv,4001.csv,Thursday,2026-02-12,9,segment24,15:20:00-15:24:55,20.944,20:56:40,36,12:00:00,9,0,2,HDCZA,0,1,0,,0,0,0,0,0,0,2,0,0,0,0,0,0,0,0,0,0,0,3,2,3,0,0,5,0,5,0,,0,,,,,,1.258,,,,,,,,,,,,127.844,1.258,127.844,,,77.21,,,,77.21,0,107.024,0,0,0,0,0,0,0,0,3,0,0,0,0,0,2,0,0,0,0,0,0,0,0,0,0,0,3,2,3,0,0,0.9,0.8,0.8,30_20_10,10_5_1,10_5_1,3.3.4,2026-02-18,WD
4001.csv,4001.csv,Thursday,2026-02-12,9,segment25,15:25:00-15:29:55,20.944,20:56:40,36,12:00:00,9,0,2,HDCZA,0,1,0,,0,0,0,0,0,0,2.833,0,0,0,0,0,0,0,0,0,0,0,2.167,2.833,2.167,0,0,5,0,5,0,,0,,,,,,0.994,,,,,,,,,,,,119.669,0.994,119.669,,,52.42,,,,52.42,0,0,0,0,0,0,0,0,0,0,3,0,0,0,0,0,3,0,0,0,0,0,0,0,0,0,0,0,3,3,3,0,0,0.9,0.8,0.8,30_20_10,10_5_1,10_5_1,3.3.4,2026-02-18,WD
4001.csv,4001.csv,Thursday,2026-02-12,9,segment26,15:30:00-15:34:55,20.944,20:56:40,36,12:00:00,9,0,2,HDCZA,0,1,0,,0,0,0,0,0,0,2.083,0,0,0,0,0,0,0,0,0,0,0,2.917,2.083,2.917,0,0,5,0,5,0,,0,,,,,,1.428,,,,,,,,,,,,130.429,1.428,130.429,,,76.678,,,,76.678,0,105.124,0,0,0,0,0,0,0,0,3,0,0,0,0,0,3,0,0,0,0,0,0,0,0,0,0,0,3,3,3,0,0,0.9,0.8,0.8,30_20_10,10_5_1,10_5_1,3.3.4,2026-02-18,WD
4001.csv,4001.csv,Thursday,2026-02-12,9,segment27,15:35:00-17:59:55,20.944,20:56:40,36,12:00:00,9,0,2,HDCZA,0,1,0,,0,0,0,0,0,0,73.083,0,0,0,0,0,0,0,0,0,0,0,71.917,73.083,71.917,0,0,145,0,145,0,,0,,,,,,2.143,,,,,,,,,,,,124.93,2.143,124.93,,,63.043,,,,63.043,104.3,129.6,0,0,0,0,0,0,0,0,73,0,0,0,0,0,74,0,0,0,0,0,0,0,0,0,0,0,73,74,73,0,0,0.9,0.8,0.8,30_20_10,10_5_1,10_5_1,3.3.4,2026-02-18,WD
4002.csv,4002.csv,Monday,2026-02-09,1,segment10,10:30:00-10:34:55,12.001,12:00:05,12.499,12:29:55,5,0,2,HDCZA,0,1,0,,0,0,0,0,0,0,2.917,0,0,0,0,0,0,0,0,0,0,0,2.083,2.917,2.083,0,0,5,0,5,0,,0,,,,,,3.1,,,,,,,,,,,,112.56,3.1,112.56,,,48.708,,,,48.708,0,0,0,0,0,0,0,0,0,0,3,0,0,0,0,0,3,0,0,0,0,0,0,0,0,0,0,0,3,3,3,0,0,0.9,0.8,0.8,30_20_10,10_5_1,10_5_1,3.3.4,2026-02-15,WD
4002.csv,4002.csv,Monday,2026-02-09,1,segment11,10:35:00-11:59:55,12.001,12:00:05,12.499,12:29:55,5,0,2,HDCZA,0,1,0,,0,0,0,0,0,0,43.25,0,0,0,0,0,0,0,0,0,0,0,41.75,43.333,41.667,0,0,85,0,85,0,,0,,,,,,2.558,,,,,,,,,,,,113.016,2.652,113.138,,,56.812,,,,56.812,0,101.4,0,0,0,0,0,0,0,0,43,0,0,0,0,0,43,0,0,0,0,0,0,0,0,0,0,0,43,44,44,0,0,0.9,0.8,0.8,30_20_10,10_5_1,10_5_1,3.3.4,2026-02-15,WD
4002.csv,4002.csv,Monday,2026-02-09,1,segment2,07:00:00-08:29:55,12.001,12:00:05,12.499,12:29:55,5,0,2,HDCZA,0,1,0,,0,0,0,0,0,0,45.583,0,0,0,0,0,0,0,0,0,0,0,44.417,45.583,44.417,0,0,90,0,90,0,,0,,,,,,1.985,,,,,,,,,,,,111.803,1.985,111.803,,,56.182,,,,56.182,0,103.767,0,0,0,0,0,0,0,0,46,0,0,0,0,0,46,0,0,0,0,0,0,0,0,0,0,0,46,46,46,0,0,0.9,0.8,0.8,30_20_10,10_5_1,10_5_1,3.3.4,2026-02-15,WD
4002.csv,4002.csv,Monday,2026-02-09,1,segment3,08:30:00-08:39:55,12.001,12:00:05,12.499,12:29:55,5,0,2,HDCZA,0,1,0,,0,0,0,0,0,0,5.083,0,0,0,0,0,0,0,0,0,0,0,4.917,5.083,4.917,0,0,10,0,10,0,,0,,,,,,3.143,,,,,,,,,,,,115.959,3.143,115.959,,,58.611,,,,58.611,0,48.048,0,0,0,0,0,0,0,0,6,0,0,0,0,0,5,0,0,0,0,0,0,0,0,0,0,0,6,5,6,0,0,0.9,0.8,0.8,30_20_10,10_5_1,10_5_1,3.3.4,2026-02-15,WD
4002.csv,4002.csv,Monday,2026-02-09,1,segment4,08:40:00-08:44:55,12.001,12:00:05,12.499,12:29:55,5,0,2,HDCZA,0,1,0,,0,0,0,0,0,0,2.333,0,0,0,0,0,0,0,0,0,0,0,2.667,2.333,2.667,0,0,5,0,5,0,,0,,,,,,5.639,,,,,,,,,,,,116.112,5.639,116.112,,,64.558,,,,64.558,0,76.6,0,0,0,0,0,0,0,0,3,0,0,0,0,0,3,0,0,0,0,0,0,0,0,0,0,0,3,3,3,0,0,0.9,0.8,0.8,30_20_10,10_5_1,10_5_1,3.3.4,2026-02-15,WD
4002.csv,4002.csv,Monday,2026-02-09,1,segment5,08:45:00-10:09:55,12.001,12:00:05,12.499,12:29:55,5,0,2,HDCZA,0,1,0,,0,0,0,0,0,0,42.917,0,0,0,0,0,0,0,0,0,0,0,42.083,42.917,42.083,0,0,85,0,85,0,,0,,,,,,2.173,,,,,,,,,,,,113.007,2.173,113.007,,,57.047,,,,57.047,0,103.976,0,0,0,0,0,0,0,0,43,0,0,0,0,0,43,0,0,0,0,0,0,0,0,0,0,0,43,43,43,0,0,0.9,0.8,0.8,30_20_10,10_5_1,10_5_1,3.3.4,2026-02-15,WD
4002.csv,4002.csv,Monday,2026-02-09,1,segment6,10:10:00-10:14:55,12.001,12:00:05,12.499,12:29:55,5,0,2,HDCZA,0,1,0,,0,0,0,0,0,0,3,0,0,0,0,0,0,0,0,0,0,0,2,3,2,0,0,5,0,5,0,,0,,,,,,2.319,,,,,,,,,,,,108.25,2.319,108.25,,,44.692,,,,44.692,0,0,0,0,0,0,0,0,0,0,3,0,0,0,0,0,3,0,0,0,0,0,0,0,0,0,0,0,3,3,3,0,0,0.9,0.8,0.8,30_20_10,10_5_1,10_5_1,3.3.4,2026-02-15,WD
4002.csv,4002.csv,Monday,2026-02-09,1,segment7,10:15:00-10:19:55,12.001,12:00:05,12.499,12:29:55,5,0,2,HDCZA,0,1,0,,0,0,0,0,0,0,2,0,0,0,0,0,0,0,0,0,0,0,3,2,3,0,0,5,0,5,0,,0,,,,,,1.033,,,,,,,,,,,,115.4,1.033,115.4,,,69.653,,,,69.653,0,92.712,0,0,0,0,0,0,0,0,3,0,0,0,0,0,2,0,0,0,0,0,0,0,0,0,0,0,3,2,3,0,0,0.9,0.8,0.8,30_20_10,10_5_1,10_5_1,3.3.4,2026-02-15,WD
4002.csv,4002.csv,Monday,2026-02-09,1,segment8,10:20:00-10:24:55,12.001,12:00:05,12.499,12:29:55,5,0,2,HDCZA,0,1,0,,0,0,0,0,0,0,2.917,0,0,0,0,0,0,0,0,0,0,0,2.083,2.917,2.083,0,0,5,0,5,0,,0,,,,,,2.106,,,,,,,,,,,,108.008,2.106,108.008,,,46.232,,,,46.232,0,0,0,0,0,0,0,0,0,0,3,0,0,0,0,0,3,0,0,0,0,0,0,0,0,0,0,0,3,3,3,0,0,0.9,0.8,0.8,30_20_10,10_5_1,10_5_1,3.3.4,2026-02-15,WD
4002.csv,4002.csv,Monday,2026-02-09,1,segment9,10:25:00-10:29:55,12.001,12:00:05,12.499,12:29:55,5,0,2,HDCZA,0,1,0,,0,0,0,0,0,0,2.083,0,0,0,0,0,0,0,0,0,0,0,2.917,2.083,2.917,0,0,5,0,5,0,,0,,,,,,0.94,,,,,,,,,,,,105.209,0.94,105.209,,,61.763,,,,61.763,0,86.93,0,0,0,0,0,0,0,0,3,0,0,0,0,0,3,0,0,0,0,0,0,0,0,0,0,0,3,3,3,0,0,0.9,0.8,0.8,30_20_10,10_5_1,10_5_1,3.3.4,2026-02-15,WD
